Name_;First Name;Last Name
Adams, Davante;Adams;Davante
Brown, A.J.;Brown;A.J.
St. Brown, Amon-Ra;St. Brown;Amon-Ra
Smith, DeVonta;Smith;DeVonta
Metcalf, DK;Metcalf;DK
Pittman Jr., Michael;Pittman Jr.;Michael
Wilson, Garrett;Wilson;Garrett
Moore, DJ;Moore;DJ
Olave, Chris;Olave;Chris
Johnson, Diontae;Johnson;Diontae
Meyers, Jakobi;Meyers;Jakobi
London, Drake;London;Drake
Williams, Mike;Williams;Mike
Davis, Gabe;Davis;Gabe
Palmer, Joshua;Palmer;Joshua
Pickens, George;Pickens;George
Watson, Christian;Watson;Christian
Brown, Marquise;Brown;Marquise
Osborn, K.J.;Osborn;K.J.
James Jr., Richie;James Jr.;Richie
Dotson, Jahan;Dotson;Jahan
Jones Jr., Marvin;Jones Jr.;Marvin
Woods, Robert;Woods;Robert
Dortch, Greg;Dortch;Greg
Carter, DeAndre;Carter;DeAndre
Pierce, Alec;Pierce;Alec
Zaccheaus, Olamide;Zaccheaus;Olamide
Claypool, Chase;Claypool;Chase
Robinson, Demarcus;Robinson;Demarcus
Parker, DeVante;Parker;DeVante
Doubs, Romeo;Doubs;Romeo
Shaheed, Rashid;Shaheed;Rashid
Hodgins, Isaiah;Hodgins;Isaiah
Chark Jr., DJ;Chark Jr.;DJ
Davis, Corey;Davis;Corey
Hardman Jr., Mecole;Hardman Jr.;Mecole
Burks, Treylon;Burks;Treylon
Moore, Rondale;Moore;Rondale
Robinson II, Allen;Robinson II;Allen
Marshall Jr., Terrace;Marshall Jr.;Terrace
Westbrook-Ikhine, Nick;Westbrook-Ikhine;Nick
Jones, Julio;Jones;Julio
Thornton, Tyquan;Thornton;Tyquan
St. Brown, Equanimeous;St. Brown;Equanimeous
Smith, Shi;Smith;Shi
Watson, Justin;Watson;Justin
McCloud III, Ray-Ray;McCloud III;Ray-Ray
Hinton, Kendall;Hinton;Kendall
Smith, Tre'Quan;Smith;Tre'Quan
Anderson, Chosen;Anderson;Chosen
Dorsett II, Phillip;Dorsett II;Phillip
Robinson, Wan'Dale;Robinson;Wan'Dale
Thomas, Michael;Thomas;Michael
Bell, David;Bell;David
Moore, Skyy;Moore;Skyy
Miller, Scott;Miller;Scott
Callaway, Marquez;Callaway;Marquez
Shakir, Khalil;Shakir;Khalil
Jones Jr., Velus;Jones Jr.;Velus
Nailor, Jalen;Nailor;Jalen
Cager, Lawrence;Cager;Lawrence
Cole Sr., Keelan;Cole Sr.;Keelan
Wilson Jr., Cedrick;Wilson Jr.;Cedrick
Harry, N'Keal;Harry;N'Keal
Perriman, Breshad;Perriman;Breshad
Kennedy, Tom;Kennedy;Tom
Sills V, David;Sills V;David
Smith, Jeff;Smith;Jeff
Toure, Samori;Toure;Samori
Bandy, Michael;Bandy;Michael
Johnson, Marcus;Johnson;Marcus
Williams, Jameson;Williams;Jameson
Johnson, Brandon;Johnson;Brandon
Eskridge, Dee;Eskridge;Dee
Virgil, Jalen;Virgil;Jalen
Proche II, James;Proche II;James
Philips, Kyle;Philips;Kyle
Taylor, Trent;Taylor;Trent
Baccellia, Andre;Baccellia;Andre
Brown, John;Brown;John
Thompkins, Deven;Thompkins;Deven
Woods II, Michael;Woods II;Michael
Strachan, Mike;Strachan;Mike
Guyton, Jalen;Guyton;Jalen
Thomas, Mike;Thomas;Mike
Jones, Tim;Jones;Tim
Fehoko, Simi;Fehoko;Simi
Washington, Montrell;Washington;Montrell
Hart, Penny;Hart;Penny
Baldwin, Daylen;Baldwin;Daylen
Edwards, Bryan;Edwards;Bryan
Young, Dareke;Young;Dareke
Johnson, Cade;Johnson;Cade
Humphrey, Lil'Jordan;Humphrey;Lil'Jordan
Houston, Dennis;Houston;Dennis
Trammell, Austin;Trammell;Austin
Tolbert, Jalen;Tolbert;Jalen
Gray, Danny;Gray;Danny
Turner, DJ;Turner;DJ
Camp, Jalen;Camp;Jalen
Sanders, Braylon;Sanders;Braylon
Alexander, Maurice;Alexander;Maurice
Moore Jr., Jason;Moore Jr.;Jason
Kinsey, Mason;Kinsey;Mason
Ezukanma, Erik;Ezukanma;Erik
Harty, Deonte;Harty;Deonte
White, Cody;White;Cody
Emezie, Emeka;Emezie;Emeka
Erickson, Alex;Erickson;Alex
Bachman, Alex;Bachman;Alex
McCutcheon, Lance;McCutcheon;Lance
Martin, Tay;Martin;Tay
Gordon, Josh;Gordon;Josh
Conner, Tanner;Conner;Tanner
Chisena, Dan;Chisena;Dan
Covey, Britain;Covey;Britain
Bell, Quinton;Bell;Quinton
Webb, Raleigh;Webb;Raleigh
Thompson, Cody;Thompson;Cody
Berryhill III, Stanley;Berryhill III;Stanley
Michel, Marken;Michel;Marken
Victor, Binjimen;Victor;Binjimen
Wilson, Albert;Wilson;Albert
Morgan Jr., Stanley;Morgan Jr.;Stanley
Ross, Justyn;Ross;Justyn
Hardee, Justin;Hardee;Justin
Ali, Josh;Ali;Josh
Turpin, KaVontae;Turpin;KaVontae
Rogers, Chester;Rogers;Chester
