Name_;First Name;Last Name
Hockenson, T.J.;T.J.;Hockenson
Hill, Taysom;Taysom;Hill
Johnson, Juwan;Juwan;Johnson
Okonkwo, Chigoziem;Chigoziem;Okonkwo
Otton, Cade;Cade;Otton
Likely, Isaiah;Isaiah;Likely
Dulcich, Greg;Greg;Dulcich
Waller, Darren;Darren;Waller
Thomas, Logan;Logan;Thomas
Bellinger, Daniel;Daniel;Bellinger
Woods, Jelani;Jelani;Woods
Parkinson, Colby;Colby;Parkinson
McBride, Trey;Trey;McBride
Smith Jr., Irv;Irv;Smith Jr.
Smith, Jonnu;Jonnu;Smith
Ferguson, Jake;Jake;Ferguson
Hendershot, Peyton;Peyton;Hendershot
Wilcox, Mitchell;Mitchell;Wilcox
Heyward, Connor;Connor;Heyward
Quitoriano, Teagan;Teagan;Quitoriano
Fortson, Jody;Jody;Fortson
Parham Jr., Donald;Donald;Parham Jr.
Tomlinson, Eric;Eric;Tomlinson
Mitchell, James;James;Mitchell
Kieft, Ko;Ko;Kieft
Morris, Quintin;Quintin;Morris
Ricci, Giovanni;Giovanni;Ricci
Hopkins, Brycen;Brycen;Hopkins
Rogers, Armani;Armani;Rogers
Calcaterra, Grant;Grant;Calcaterra
Beck, Andrew;Andrew;Beck
Kolar, Charlie;Charlie;Kolar
Mabry, Tyler;Tyler;Mabry
Davis, Tyler;Tyler;Davis
Smartt, Stone;Stone;Smartt
Blanton, Kendall;Kendall;Blanton
Williams, Maxx;Maxx;Williams
Turner, Cole;Cole;Turner
Anderson, Stephen;Stephen;Anderson
McKeon, Sean;Sean;McKeon
Ruckert, Jeremy;Jeremy;Ruckert
Harris, Jacob;Jacob;Harris
Pierce Jr., Chris;Chris;Pierce Jr.
Kalinic, Nikola;Nikola;Kalinic
Allen, Austin;Austin;Allen
Pinkney, Jared;Jared;Pinkney
Holtz, J.P.;J.P.;Holtz
Forristall, Miller;Miller;Forristall
Jackson, Tyree;Tyree;Jackson
Brinkley, Beau;Beau;Brinkley
Tonges, Jake;Jake;Tonges
Cook, Jared;Jared;Cook
Hollister, Jacob;Jacob;Hollister
Herndon IV, Chris;Chris;Herndon IV
Brown, Daniel;Daniel;Brown
Harris, Demetrius;Demetrius;Harris
Wolf, Ethan;Ethan;Wolf
Daniels, Darrell;Darrell;Daniels
Helm, Daniel;Daniel;Helm
Thompson, Colin;Colin;Thompson
Green, Farrod;Farrod;Green
Hausmann, Jake;Jake;Hausmann
Harris, Clark;Clark;Harris
Moore, Briley;Briley;Moore
Reyes, Sammis;Sammis;Reyes
Berry, Rashod;Rashod;Berry
Burton, Trey;Trey;Burton
Reed, Jordan;Jordan;Reed
Hill, Josh;Josh;Hill
Thomas, Jordan;Jordan;Thomas
Graham, Jaeden;Jaeden;Graham
Bryant, Hunter;Hunter;Bryant
Miller, Bruce;Bruce;Miller
Baugh, Marcus;Marcus;Baugh
Becker, Nate;Nate;Becker
Bargas, Jake;Jake;Bargas
Sokol, Matt;Matt;Sokol
Baylis, Evan;Evan;Baylis
Nelson, Kyle;Kyle;Nelson
Wilson, Caleb;Caleb;Wilson
Watson, Benjamin;Benjamin;Watson
O'Leary, Nick;Nick;O'Leary
Perkins, Joshua;Joshua;Perkins
Jones, Charles;Charles;Jones
Ellis, Alex;Alex;Ellis
Franks, Jordan;Jordan;Franks
