,Name,Pos,Last Name,First Name
0,"Smith, Geno",QB,Smith,Geno
1,"Griffin III, Robert",QB,Griffin III,Robert
2,"Rodgers, Aaron",QB,Rodgers,Aaron
3,"Flacco, Joe",QB,Flacco,Joe
4,"Manning, Eli",QB,Manning,Eli
5,"Stafford, Matthew",QB,Stafford,Matthew
6,"Kaepernick, Colin",QB,Kaepernick,Colin
7,"Roethlisberger, Ben",QB,Roethlisberger,Ben
8,"Sanchez, Mark",QB,Sanchez,Mark
9,"Lindley, Ryan",QB,Lindley,Ryan
10,"Newton, Cam",QB,Newton,Cam
11,"Romo, Tony",QB,Romo,Tony
12,"Keenum, Case",QB,Keenum,Case
13,"Dalton, Andy",QB,Dalton,Andy
14,"Luck, Andrew",QB,Luck,Andrew
15,"Tannehill, Ryan",QB,Tannehill,Ryan
16,"Bridgewater, Teddy",QB,Bridgewater,Teddy
17,"Brees, Drew",QB,Brees,Drew
18,"Cutler, Jay",QB,Cutler,Jay
19,"Bortles, Blake",QB,Bortles,Blake
20,"Orton, Kyle",QB,Orton,Kyle
21,"Manning, Peyton",QB,Manning,Peyton
22,"Hasselbeck, Matt",QB,Hasselbeck,Matt
23,"Wilson, Russell",QB,Wilson,Russell
24,"Ryan, Matt",QB,Ryan,Matt
25,"Carr, Derek",QB,Carr,Derek
26,"Rivers, Philip",QB,Rivers,Philip
27,"Whitehurst, Charlie",QB,Whitehurst,Charlie
28,"McCown, Josh",QB,McCown,Josh
29,"Daniel, Chase",QB,Daniel,Chase
30,"Hill, Shaun",QB,Hill,Shaun
31,"Shaw, Connor",QB,Shaw,Connor
32,"Osweiler, Brock",QB,Osweiler,Brock
33,"Garoppolo, Jimmy",QB,Garoppolo,Jimmy
34,"Brady, Tom",QB,Brady,Tom
35,"Flynn, Matt",QB,Flynn,Matt
36,"Palmer, Jordan",QB,Palmer,Jordan
37,"Schaub, Matt",QB,Schaub,Matt
38,"McCown, Luke",QB,McCown,Luke
39,"Webb, Joe",QB,Webb,Joe
40,"Vick, Michael",QB,Vick,Michael
41,"Weeden, Brandon",QB,Weeden,Brandon
42,"Anderson, C.J.",RB,Anderson,C.J.
43,"Miller, Lamar",RB,Miller,Lamar
44,"Murray, DeMarco",RB,Murray,DeMarco
45,"Todman, Jordan",RB,Todman,Jordan
46,"Gore, Frank",RB,Gore,Frank
47,"Blue, Alfred",RB,Blue,Alfred
48,"Bernard, Giovani",RB,Bernard,Giovani
49,"Forsett, Justin",RB,Forsett,Justin
50,"West, Terrance",RB,West,Terrance
51,"Lynch, Marshawn",RB,Lynch,Marshawn
52,"Lacy, Eddie",RB,Lacy,Eddie
53,"Hill, Jeremy",RB,Hill,Jeremy
54,"Bell, Le'Veon",RB,Bell,Le'Veon
55,"Oliver, Branden",RB,Oliver,Branden
56,"Forte, Matt",RB,Forte,Matt
57,"Williams, Andre",RB,Williams,Andre
58,"Sims, Charles",RB,Sims,Charles
59,"Riddick, Theo",RB,Riddick,Theo
60,"Randle, Joseph",RB,Randle,Joseph
61,"Ingram, Mark",RB,Ingram,Mark
62,"Martin, Doug",RB,Martin,Doug
63,"Murray, Latavius",RB,Murray,Latavius
64,"Asiata, Matt",RB,Asiata,Matt
65,"Cunningham, Benny",RB,Cunningham,Benny
66,"McCoy, LeSean",RB,McCoy,LeSean
67,"Helu, Roy",RB,Helu,Roy
68,"Robinson, Khiry",RB,Robinson,Khiry
69,"Miller, Bruce",RB,Miller,Bruce
70,"Ivory, Chris",RB,Ivory,Chris
71,"Dixon, Anthony",RB,Dixon,Anthony
72,"Foster, Arian",RB,Foster,Arian
73,"Polk, Chris",RB,Polk,Chris
74,"Herron, Dan",RB,Herron,Dan
75,"Greene, Shonn",RB,Greene,Shonn
76,"Rodgers, Jacquizz",RB,Rodgers,Jacquizz
77,"Stewart, Jonathan",RB,Stewart,Jonathan
78,"Grimes, Jonathan",RB,Grimes,Jonathan
79,"Mason, Tre",RB,Mason,Tre
80,"Tipton, Zurlon",RB,Tipton,Zurlon
81,"Jennings, Rashad",RB,Jennings,Rashad
82,"Charles, Jamaal",RB,Charles,Jamaal
83,"Morris, Alfred",RB,Morris,Alfred
84,"Thomas, De'Anthony",RB,Thomas,De'Anthony
85,"Turbin, Robert",RB,Turbin,Robert
86,"Thomas, Daniel",RB,Thomas,Daniel
87,"Jackson, Fred",RB,Jackson,Fred
88,"Reece, Marcel",RB,Reece,Marcel
89,"Bush, Reggie",RB,Bush,Reggie
90,"Olawale, Jamize",RB,Olawale,Jamize
91,"Hillman, Ronnie",RB,Hillman,Ronnie
92,"Williams, Kerwynn",RB,Williams,Kerwynn
93,"Blount, LeGarrette",RB,Blount,LeGarrette
94,"Bell, Joique",RB,Bell,Joique
95,"Sproles, Darren",RB,Sproles,Darren
96,"Brown, Donald",RB,Brown,Donald
97,"Stacy, Zac",RB,Stacy,Zac
98,"Vereen, Shane",RB,Vereen,Shane
99,"Williams, Damien",RB,Williams,Damien
100,"Banyard, Joe",RB,Banyard,Joe
101,"Whittaker, Fozzy",RB,Whittaker,Fozzy
102,"McFadden, Darren",RB,McFadden,Darren
103,"Freeman, Devonta",RB,Freeman,Devonta
104,"Crowell, Isaiah",RB,Crowell,Isaiah
105,"Grice, Marion",RB,Grice,Marion
106,"Andrews, Antonio",RB,Andrews,Antonio
107,"Richardson, Trent",RB,Richardson,Trent
108,"Cadet, Travaris",RB,Cadet,Travaris
109,"Spiller, C.J.",RB,Spiller,C.J.
110,"White, James",RB,White,James
111,"Johnson, Chris",RB,Johnson,Chris
112,"Taylor, Stepfan",RB,Taylor,Stepfan
113,"Starks, James",RB,Starks,James
114,"Hughes, Robert",RB,Hughes,Robert
115,"Davis, Knile",RB,Davis,Knile
116,"Johnson, Will",RB,Johnson,Will
117,"Collins, Jed",RB,Collins,Jed
118,"Young, Darrel",RB,Young,Darrel
119,"Toussaint, Fitzgerald",RB,Toussaint,Fitzgerald
120,"Bolden, Brandon",RB,Bolden,Brandon
121,"Tolbert, Mike",RB,Tolbert,Mike
122,"Smith, Alfonso",RB,Smith,Alfonso
123,"Sankey, Bishop",RB,Sankey,Bishop
124,"Gerhart, Toby",RB,Gerhart,Toby
125,"Pierce, Bernard",RB,Pierce,Bernard
126,"Harris, Josh",RB,Harris,Josh
127,"Kuhn, John",RB,Kuhn,John
128,"Stewart, Jeremy",RB,Stewart,Jeremy
129,"Dunbar, Lance",RB,Dunbar,Lance
130,"Conner, John",RB,Conner,John
131,"Felton, Jerome",RB,Felton,Jerome
132,"Michael, Christine",RB,Michael,Christine
133,"Washington, Leon",RB,Washington,Leon
134,"Tukuafu, Will",RB,Tukuafu,Will
135,"Develin, James",RB,Develin,James
136,"Owens, Montell",RB,Owens,Montell
137,"Tanner, Phillip",RB,Tanner,Phillip
138,"Powell, Bilal",RB,Powell,Bilal
139,"Burkhead, Rex",RB,Burkhead,Rex
140,"Line, Zach",RB,Line,Zach
141,"Darkwa, Orleans",RB,Darkwa,Orleans
142,"Redd, Silas",RB,Redd,Silas
143,"Johnson, Storm",RB,Johnson,Storm
144,"Watts, Trey",RB,Watts,Trey
145,"Ta'ufo'ou, Will",RB,Ta'ufo'ou,Will
146,"Reynolds, Chase",RB,Reynolds,Chase
147,"Lorig, Erik",RB,Lorig,Erik
148,"Perry, Senorise",RB,Perry,Senorise
149,"West, Charcandrick",RB,West,Charcandrick
150,"Sherman, Anthony",RB,Sherman,Anthony
151,"Rainey, Bobby",RB,Rainey,Bobby
152,"Winn, George",RB,Winn,George
153,"Battle, Jackie",RB,Battle,Jackie
154,"Ogbonnaya, Chris",RB,Ogbonnaya,Chris
155,"Atkinson, George",RB,Atkinson,George
156,"Draughn, Shaun",RB,Draughn,Shaun
157,"Hynoski, Henry",RB,Hynoski,Henry
158,"Brown, Ronnie",RB,Brown,Ronnie
159,"DiMarco, Patrick",RB,DiMarco,Patrick
160,"Peerman, Cedric",RB,Peerman,Cedric
161,"Clutts, Tyler",RB,Clutts,Tyler
162,"Juszczyk, Kyle",RB,Juszczyk,Kyle
163,"Prosch, Jay",RB,Prosch,Jay
164,"Decker, Eric",WR,Decker,Eric
165,"Beckham Jr., Odell",WR,Beckham Jr.,Odell
166,"Floyd, Michael",WR,Floyd,Michael
167,"Brown, Antonio",WR,Brown,Antonio
168,"Johnson, Andre",WR,Johnson,Andre
169,"Matthews, Jordan",WR,Matthews,Jordan
170,"Bryant, Dez",WR,Bryant,Dez
171,"Randle, Rueben",WR,Randle,Rueben
172,"Cobb, Randall",WR,Cobb,Randall
173,"Thomas, Demaryius",WR,Thomas,Demaryius
174,"White, Roddy",WR,White,Roddy
175,"Johnson, Calvin",WR,Johnson,Calvin
176,"Smith, Torrey",WR,Smith,Torrey
177,"Smith, Steve",WR,Smith,Steve
178,"Jackson, DeSean",WR,Jackson,DeSean
179,"Evans, Mike",WR,Evans,Mike
180,"Boldin, Anquan",WR,Boldin,Anquan
181,"Thielen, Adam",WR,Thielen,Adam
182,"Green, A.J.",WR,Green,A.J.
183,"Shorts, Cecil",WR,Shorts,Cecil
184,"Nelson, Jordy",WR,Nelson,Jordy
185,"Hartline, Brian",WR,Hartline,Brian
186,"Woods, Robert",WR,Woods,Robert
187,"Royal, Eddie",WR,Royal,Eddie
188,"Sanders, Emmanuel",WR,Sanders,Emmanuel
189,"Stills, Kenny",WR,Stills,Kenny
190,"Colston, Marques",WR,Colston,Marques
191,"Owusu, Chris",WR,Owusu,Chris
192,"Inman, Dontrelle",WR,Inman,Dontrelle
193,"LaFell, Brandon",WR,LaFell,Brandon
194,"Beasley, Cole",WR,Beasley,Cole
195,"Wayne, Reggie",WR,Wayne,Reggie
196,"Richardson, Paul",WR,Richardson,Paul
197,"Landry, Jarvis",WR,Landry,Jarvis
198,"Wright, Kendall",WR,Wright,Kendall
199,"Jones, Julio",WR,Jones,Julio
200,"Williams, Terrance",WR,Williams,Terrance
201,"Gabriel, Taylor",WR,Gabriel,Taylor
202,"Aiken, Kamar",WR,Aiken,Kamar
203,"Watkins, Sammy",WR,Watkins,Sammy
204,"Bryant, Martavis",WR,Bryant,Martavis
205,"Brown, John",WR,Brown,John
206,"Crabtree, Michael",WR,Crabtree,Michael
207,"Baldwin, Doug",WR,Baldwin,Doug
208,"Maclin, Jeremy",WR,Maclin,Jeremy
209,"Brown, Philly",WR,Brown,Philly
210,"Tyms, Brian",WR,Tyms,Brian
211,"Britt, Kenny",WR,Britt,Kenny
212,"Douglas, Harry",WR,Douglas,Harry
213,"Nicks, Hakeem",WR,Nicks,Hakeem
214,"Tate, Golden",WR,Tate,Golden
215,"Jennings, Greg",WR,Jennings,Greg
216,"Hawkins, Andrew",WR,Hawkins,Andrew
217,"Garcon, Pierre",WR,Garcon,Pierre
218,"Hester, Devin",WR,Hester,Devin
219,"Amendola, Danny",WR,Amendola,Danny
220,"Johnson, Damaris",WR,Johnson,Damaris
221,"Welker, Wes",WR,Welker,Wes
222,"Bowe, Dwayne",WR,Bowe,Dwayne
223,"Floyd, Malcom",WR,Floyd,Malcom
224,"Cooper, Riley",WR,Cooper,Riley
225,"Gibson, Brandon",WR,Gibson,Brandon
226,"Cotchery, Jerricho",WR,Cotchery,Jerricho
227,"Moss, Santana",WR,Moss,Santana
228,"Jeffery, Alshon",WR,Jeffery,Alshon
229,"Norwood, Kevin",WR,Norwood,Kevin
230,"Kerley, Jeremy",WR,Kerley,Jeremy
231,"Ross, Jeremy",WR,Ross,Jeremy
232,"Wright, Jarius",WR,Wright,Jarius
233,"Fitzgerald, Larry",WR,Fitzgerald,Larry
234,"Wheaton, Markus",WR,Wheaton,Markus
235,"Moncrief, Donte",WR,Moncrief,Donte
236,"Patton, Quinton",WR,Patton,Quinton
237,"Tate, Brandon",WR,Tate,Brandon
238,"Parker, Preston",WR,Parker,Preston
239,"Givens, Chris",WR,Givens,Chris
240,"Archer, Dri",WR,Archer,Dri
241,"Wilson, Marquess",WR,Wilson,Marquess
242,"Jones, James",WR,Jones,James
243,"Hagan, Derek",WR,Hagan,Derek
244,"Hurns, Allen",WR,Hurns,Allen
245,"Sanders, Ace",WR,Sanders,Ace
246,"Austin, Tavon",WR,Austin,Tavon
247,"Toon, Nick",WR,Toon,Nick
248,"King, Tavarres",WR,King,Tavarres
249,"Morgan, Josh",WR,Morgan,Josh
250,"Johnson, Charles",WR,Johnson,Charles
251,"Holmes, Andre",WR,Holmes,Andre
252,"Lee, Marqise",WR,Lee,Marqise
253,"Bailey, Stedman",WR,Bailey,Stedman
254,"Campanaro, Michael",WR,Campanaro,Michael
255,"Brown, Marlon",WR,Brown,Marlon
256,"Meachem, Robert",WR,Meachem,Robert
257,"Sanu, Mohamed",WR,Sanu,Mohamed
258,"Hopkins, DeAndre",WR,Hopkins,DeAndre
259,"Lloyd, Brandon",WR,Lloyd,Brandon
260,"Latimer, Cody",WR,Latimer,Cody
261,"Jackson, Vincent",WR,Jackson,Vincent
262,"Shepard, Russell",WR,Shepard,Russell
263,"Benjamin, Kelvin",WR,Benjamin,Kelvin
264,"Ajirotutu, Seyi",WR,Ajirotutu,Seyi
265,"Benjamin, Travis",WR,Benjamin,Travis
266,"Avant, Jason",WR,Avant,Jason
267,"Grant, Ryan",WR,Grant,Ryan
268,"Roberts, Andre",WR,Roberts,Andre
269,"Sanzenbacher, Dane",WR,Sanzenbacher,Dane
270,"Ginn Jr., Ted",WR,Ginn Jr.,Ted
271,"Butler, Brice",WR,Butler,Brice
272,"Huff, Josh",WR,Huff,Josh
273,"Hogan, Chris",WR,Hogan,Chris
274,"Thompkins, Kenbrell",WR,Thompkins,Kenbrell
275,"Harris, Dwayne",WR,Harris,Dwayne
276,"Mariani, Marc",WR,Mariani,Marc
277,"Davis, Drew",WR,Davis,Drew
278,"Moore, Marlon",WR,Moore,Marlon
279,"Heyward-Bey, Darrius",WR,Heyward-Bey,Darrius
280,"Ogletree, Kevin",WR,Ogletree,Kevin
281,"Easley, Marcus",WR,Easley,Marcus
282,"Boykin, Jarrett",WR,Boykin,Jarrett
283,"Wilson, Albert",WR,Wilson,Albert
284,"Weems, Eric",WR,Weems,Eric
285,"Graham, T.J.",WR,Graham,T.J.
286,"Lockette, Ricardo",WR,Lockette,Ricardo
287,"Patterson, Cordarrelle",WR,Patterson,Cordarrelle
288,"Hemingway, Junior",WR,Hemingway,Junior
289,"Fuller, Corey",WR,Fuller,Corey
290,"Smith, Brad",WR,Smith,Brad
291,"Martin, Keshawn",WR,Martin,Keshawn
292,"Caldwell, Andre",WR,Caldwell,Andre
293,"Adams, Davante",WR,Adams,Davante
294,"Matthews, Chris",WR,Matthews,Chris
295,"Hakim, Saalim",WR,Hakim,Saalim
296,"Walters, Bryan",WR,Walters,Bryan
297,"Smith, Rodney",WR,Smith,Rodney
298,"Bersin, Brenton",WR,Bersin,Brenton
299,"Saunders, Jalen",WR,Saunders,Jalen
300,"Hilton, T.Y.",WR,Hilton,T.Y.
301,"Moore, Lance",WR,Moore,Lance
302,"Durham, Kris",WR,Durham,Kris
303,"Slater, Matthew",WR,Slater,Matthew
304,"Hammond, Frankie",WR,Hammond,Frankie
305,"Street, Devin",WR,Street,Devin
306,"Wallace, Mike",WR,Wallace,Mike
307,"Brown, Jaron",WR,Brown,Jaron
308,"Thigpen, Marcus",WR,Thigpen,Marcus
309,"Bellamy, Josh",WR,Bellamy,Josh
310,"Jones, Jacoby",WR,Jones,Jacoby
311,"Ellington, Bruce",WR,Ellington,Bruce
312,"Washington, Nate",WR,Washington,Nate
313,"Cribbs, Joshua",WR,Cribbs,Joshua
314,"Fleener, Coby",TE,Fleener,Coby
315,"Clay, Charles",TE,Clay,Charles
316,"Kelce, Travis",TE,Kelce,Travis
317,"Reed, Jordan",TE,Reed,Jordan
318,"Bennett, Martellus",TE,Bennett,Martellus
319,"Green, Virgil",TE,Green,Virgil
320,"Doyle, Jack",TE,Doyle,Jack
321,"Graham, Jimmy",TE,Graham,Jimmy
322,"Walker, Delanie",TE,Walker,Delanie
323,"Gresham, Jermaine",TE,Gresham,Jermaine
324,"Gates, Antonio",TE,Gates,Antonio
325,"Cumberland, Jeff",TE,Cumberland,Jeff
326,"Ertz, Zach",TE,Ertz,Zach
327,"Rodgers, Richard",TE,Rodgers,Richard
328,"Witten, Jason",TE,Witten,Jason
329,"Dickson, Ed",TE,Dickson,Ed
330,"Cameron, Jordan",TE,Cameron,Jordan
331,"Celek, Brent",TE,Celek,Brent
332,"Miller, Heath",TE,Miller,Heath
333,"Cook, Jared",TE,Cook,Jared
334,"Daniels, Owen",TE,Daniels,Owen
335,"Amaro, Jace",TE,Amaro,Jace
336,"Sudfeld, Zach",TE,Sudfeld,Zach
337,"Myers, Brandon",TE,Myers,Brandon
338,"Hewitt, Ryan",TE,Hewitt,Ryan
339,"Fells, Darren",TE,Fells,Darren
340,"Ebron, Eric",TE,Ebron,Eric
341,"Gray, Marqueis",TE,Gray,Marqueis
342,"Ellison, Rhett",TE,Ellison,Rhett
343,"Willson, Luke",TE,Willson,Luke
344,"Olsen, Greg",TE,Olsen,Greg
345,"Donnell, Larry",TE,Donnell,Larry
346,"Rivera, Mychal",TE,Rivera,Mychal
347,"Rosario, Dante",TE,Rosario,Dante
348,"Paul, Niles",TE,Paul,Niles
349,"Watson, Ben",TE,Watson,Ben
350,"Sims, Dion",TE,Sims,Dion
351,"Toilolo, Levine",TE,Toilolo,Levine
352,"Gillmore, Crockett",TE,Gillmore,Crockett
353,"Moeaki, Tony",TE,Moeaki,Tony
354,"Housler, Rob",TE,Housler,Rob
355,"Chandler, Scott",TE,Chandler,Scott
356,"Smith, Lee",TE,Smith,Lee
357,"Kendricks, Lance",TE,Kendricks,Lance
358,"Wright, Tim",TE,Wright,Tim
359,"Davis, Vernon",TE,Davis,Vernon
360,"Griffin, Ryan",TE,Griffin,Ryan
361,"Carlson, John",TE,Carlson,John
362,"Pascoe, Bear",TE,Pascoe,Bear
363,"Hanna, James",TE,Hanna,James
364,"Annen, Blake",TE,Annen,Blake
365,"Harris, Clark",TE,Harris,Clark
366,"Burton, Trey",TE,Burton,Trey
367,"Casey, James",TE,Casey,James
368,"Rudolph, Kyle",TE,Rudolph,Kyle
369,"Paulsen, Logan",TE,Paulsen,Logan
370,"Mulligan, Matthew",TE,Mulligan,Matthew
371,"Davis, Kellen",TE,Davis,Kellen
372,"Spaeth, Matt",TE,Spaeth,Matt
373,"Lewis, Marcedes",TE,Lewis,Marcedes
374,"Thomas, Julius",TE,Thomas,Julius
375,"Fells, Daniel",TE,Fells,Daniel
376,"Brock, Kevin",TE,Brock,Kevin
377,"Jacobs, Nic",TE,Jacobs,Nic
378,"Phillips, John",TE,Phillips,John
379,"Escobar, Gavin",TE,Escobar,Gavin
380,"Pettigrew, Brandon",TE,Pettigrew,Brandon
381,"Ford, Chase",TE,Ford,Chase
382,"Fasano, Anthony",TE,Fasano,Anthony
383,"Pantale, Chris",TE,Pantale,Chris
384,"Green, Ladarius",TE,Green,Ladarius
385,"Barnidge, Gary",TE,Barnidge,Gary
386,"Bostick, Brandon",TE,Bostick,Brandon
387,"Tamme, Jacob",TE,Tamme,Jacob
388,"Hoomanawanui, Michael",TE,Hoomanawanui,Michael
389,"Gordon, Richard",TE,Gordon,Richard
390,"Hill, Josh",TE,Hill,Josh
391,"Stocker, Luke",TE,Stocker,Luke
392,"Harkey, Cory",TE,Harkey,Cory
393,"Dray, Jim",TE,Dray,Jim
394,"Williams, Brandon",TE,Williams,Brandon
395,"Robinson, Adrien",TE,Robinson,Adrien
396,"Cleveland, Asante",TE,Cleveland,Asante
397,"Quarless, Andrew",TE,Quarless,Andrew
398,"Johnson, David",TE,Johnson,David
399,"Brate, Cameron",TE,Brate,Cameron
400,"Harbor, Clay",TE,Harbor,Clay
401,"Coffman, Chase",TE,Coffman,Chase
402,"Fiedorowicz, C.J.",TE,Fiedorowicz,C.J.
403,Carolina Defense,Def,Carolina Defense,
404,Seattle Defense,Def,Seattle Defense,
405,Dallas Defense,Def,Dallas Defense,
406,Denver Defense,Def,Denver Defense,
407,Kansas City Defense,Def,Kansas City Defense,
408,Pittsburgh Defense,Def,Pittsburgh Defense,
409,Jacksonville Defense,Def,Jacksonville Defense,
410,Green Bay Defense,Def,Green Bay Defense,
411,Baltimore Defense,Def,Baltimore Defense,
412,Houston Defense,Def,Houston Defense,
413,St. Louis Defense,Def,St. Louis Defense,
414,Philadelphia Defense,Def,Philadelphia Defense,
415,Indianapolis Defense,Def,Indianapolis Defense,
416,New York J Defense,Def,New York J Defense,
417,San Francisco Defense,Def,San Francisco Defense,
418,Chicago Defense,Def,Chicago Defense,
419,Buffalo Defense,Def,Buffalo Defense,
420,Tampa Bay Defense,Def,Tampa Bay Defense,
421,New Orleans Defense,Def,New Orleans Defense,
422,Cincinnati Defense,Def,Cincinnati Defense,
423,Detroit Defense,Def,Detroit Defense,
424,Minnesota Defense,Def,Minnesota Defense,
425,New York G Defense,Def,New York G Defense,
426,Oakland Defense,Def,Oakland Defense,
427,New England Defense,Def,New England Defense,
428,San Diego Defense,Def,San Diego Defense,
429,Cleveland Defense,Def,Cleveland Defense,
430,Atlanta Defense,Def,Atlanta Defense,
431,Arizona Defense,Def,Arizona Defense,
432,Tennessee Defense,Def,Tennessee Defense,
433,Miami Defense,Def,Miami Defense,
434,Washington Defense,Def,Washington Defense,
450,"Smith, Alex",QB,Smith,Alex
454,"Clausen, Jimmy",QB,Clausen,Jimmy
460,"Hoyer, Brian",QB,Hoyer,Brian
469,"Manziel, Johnny",QB,Manziel,Johnny
470,"Thomas, Logan",QB,Thomas,Logan
471,"Jackson, Tarvaris",QB,Jackson,Tarvaris
513,"Gray, Jonas",RB,Gray,Jonas
527,"Thomas, Pierre",RB,Thomas,Pierre
535,"Thompson, Chris",RB,Thompson,Chris
537,"Jackson, Steven",RB,Jackson,Steven
557,"James, LaMichael",RB,James,LaMichael
563,"Thompson, Juwan",RB,Thompson,Juwan
569,"Agnew, Ray",RB,Agnew,Ray
581,"Harris, DuJuan",RB,Harris,DuJuan
651,"Harvin, Percy",WR,Harvin,Percy
652,"Gordon, Josh",WR,Gordon,Josh
696,"Kearse, Jermaine",WR,Kearse,Jermaine
717,"Goodwin, Marquise",WR,Goodwin,Marquise
740,"Washington, Corey",WR,Washington,Corey
752,"Gronkowski, Rob",TE,Gronkowski,Rob
779,"Helfet, Cooper",TE,Helfet,Cooper
804,"Taylor, Ryan",TE,Taylor,Ryan
807,"Supernaw, Phillip",TE,Supernaw,Phillip
821,"Allen, Dwayne",TE,Allen,Dwayne
826,"Palmer, Michael",TE,Palmer,Michael
876,"Anderson, Derek",QB,Anderson,Derek
893,"Stanton, Drew",QB,Stanton,Drew
895,"McCoy, Colt",QB,McCoy,Colt
896,"Locker, Jake",QB,Locker,Jake
897,"Fitzpatrick, Ryan",QB,Fitzpatrick,Ryan
898,"Savage, Tom",QB,Savage,Tom
943,"Carey, Ka'Deem",RB,Carey,Ka'Deem
945,"Brown, Bryce",RB,Brown,Bryce
954,"Hyde, Carlos",RB,Hyde,Carlos
959,"McCluster, Dexter",RB,McCluster,Dexter
986,"Tate, Ben",RB,Tate,Ben
988,"Jones-Drew, Maurice",RB,Jones-Drew,Maurice
1028,"James, Mike",RB,James,Mike
1036,"Edelman, Julian",WR,Edelman,Julian
1097,"Allen, Keenan",WR,Allen,Keenan
1104,"Posey, DeVier",WR,Posey,DeVier
1105,"Matthews, Rishard",WR,Matthews,Rishard
1110,"Brown, Vincent",WR,Brown,Vincent
1136,"Murphy, Louis",WR,Murphy,Louis
1149,"Little, Greg",WR,Little,Greg
1171,"Osgood, Kassim",WR,Osgood,Kassim
1206,"Celek, Garrett",TE,Celek,Garrett
1256,"Brackett, Brett",TE,Brackett,Brett
1332,"Mettenberger, Zach",QB,Mettenberger,Zach
1334,"Campbell, Jason",QB,Campbell,Jason
1339,"Barkley, Matt",QB,Barkley,Matt
1341,"Nassib, Ryan",QB,Nassib,Ryan
1382,"Taliaferro, Lorenzo",RB,Taliaferro,Lorenzo
1385,"Mathews, Ryan",RB,Mathews,Ryan
1404,"Robinson, Denard",RB,Robinson,Denard
1511,"Marshall, Brandon",WR,Marshall,Brandon
1541,"Morgan, Joseph",WR,Morgan,Joseph
1580,"Maehl, Jeff",WR,Maehl,Jeff
1591,"Avery, Donnie",WR,Avery,Donnie
1610,"Johnson, Steve",WR,Johnson,Steve
1628,"Fauria, Joseph",TE,Fauria,Joseph
1769,"Davis, Austin",QB,Davis,Austin
1836,"Williams, DeAngelo",RB,Williams,DeAngelo
1848,"Ellington, Andre",RB,Ellington,Andre
1889,"Winston, Glenn",RB,Winston,Glenn
1920,"Austin, Miles",WR,Austin,Miles
1941,"Wright, James",WR,Wright,James
1950,"Salas, Greg",WR,Salas,Greg
1991,"Hunter, Justin",WR,Hunter,Justin
2026,"Burse, Isaiah",WR,Burse,Isaiah
2037,"Dobson, Aaron",WR,Dobson,Aaron
2042,"Herron, Robert",WR,Herron,Robert
2099,"Hoskins, Gator",TE,Hoskins,Gator
2104,"Bayer, Alex",TE,Bayer,Alex
2126,"Leonhardt, Brian",TE,Leonhardt,Brian
2127,"Graham, Garrett",TE,Graham,Garrett
2195,"Mallett, Ryan",QB,Mallett,Ryan
2199,"Manuel, E.J.",QB,Manuel,E.J.
2233,"McKinnon, Jerick",RB,McKinnon,Jerick
2279,"Lane, Jorvorskie",RB,Lane,Jorvorskie
2418,"Williams, Mike",WR,Williams,Mike
2452,"Moore, Denarius",WR,Moore,Denarius
2486,"Seferian-Jenkins, Austin",TE,Seferian-Jenkins,Austin
2490,"Gragg, Chris",TE,Gragg,Chris
2506,"Perillo, Justin",TE,Perillo,Justin
2516,"Carrier, Derek",TE,Carrier,Derek
2639,"Bradshaw, Ahmad",RB,Bradshaw,Ahmad
2654,"Leonard, Brian",RB,Leonard,Brian
2666,"Smith, Antone",RB,Smith,Antone
2682,"Summers, Frank",RB,Summers,Frank
2685,"Ball, Montee",RB,Ball,Montee
2736,"Cooks, Brandin",WR,Cooks,Brandin
2807,"Whalen, Griff",WR,Whalen,Griff
2813,"Hankerson, Leonard",WR,Hankerson,Leonard
2824,"Williams, Chris",WR,Williams,Chris
2828,"Brown, Justin",WR,Brown,Justin
2872,"Niklas, Troy",TE,Niklas,Troy
2907,"McDonald, Vance",TE,McDonald,Vance
2960,"Palmer, Carson",QB,Palmer,Carson
3022,"Cox, Michael",RB,Cox,Michael
3035,"Hillis, Peyton",RB,Hillis,Peyton
3060,"Baker, Edwin",RB,Baker,Edwin
3065,"Small, Kiero",RB,Small,Kiero
3066,"Gray, Cyrus",RB,Gray,Cyrus
3100,"Robinson, Allen",WR,Robinson,Allen
3136,"Jenkins, A.J.",WR,Jenkins,A.J.
3147,"Holmes, Santonio",WR,Holmes,Santonio
3191,"Williams, Damian",WR,Williams,Damian
3304,"Glennon, Mike",QB,Glennon,Mike
3317,"Foles, Nick",QB,Foles,Nick
3320,"Simms, Matt",QB,Simms,Matt
3321,"Moore, Matt",QB,Moore,Matt
3322,"Clemens, Kellen",QB,Clemens,Kellen
3582,"Harris, Demetrius",TE,Harris,Demetrius
3760,"Johnson, Austin",RB,Johnson,Austin
3773,"Reaves, Darrin",RB,Reaves,Darrin
3889,"Quick, Brian",WR,Quick,Brian
3900,"Broyles, Ryan",WR,Broyles,Ryan
3917,"Dorsey, Kevin",WR,Dorsey,Kevin
4005,"Thompson, Jordan",TE,Thompson,Jordan
4083,"Gabbert, Blaine",QB,Gabbert,Blaine
4086,"Cousins, Kirk",QB,Cousins,Kirk
4299,"Nelson, David",WR,Nelson,David
4411,"Ausberry, David",TE,Ausberry,David
4492,"Gradkowski, Bruce",QB,Gradkowski,Bruce
4493,"Taylor, Tyrod",QB,Taylor,Tyrod
4544,"Ridley, Stevan",RB,Ridley,Stevan
4549,"Moreno, Knowshon",RB,Moreno,Knowshon
4597,"Coleman, Derrick",RB,Coleman,Derrick
4676,"Pettis, Austin",WR,Pettis,Austin
4685,"Cruz, Victor",WR,Cruz,Victor
4725,"Patton, Solomon",WR,Patton,Solomon
4727,"Janis, Jeff",WR,Janis,Jeff
4747,"Powell, Walter",WR,Powell,Walter
4885,"Ponder, Christian",QB,Ponder,Christian
5087,"Brown, Mike",WR,Brown,Mike
5133,"Roby, Courtney",WR,Roby,Courtney
5147,"Robinson, Aldrick",WR,Robinson,Aldrick
5235,"Stevens, Craig",TE,Stevens,Craig
5293,"McGloin, Matt",QB,McGloin,Matt
5390,"Bohanon, Tommy",RB,Bohanon,Tommy
5403,"Poole, Tauren",RB,Poole,Tauren
5517,"Talley, Julian",WR,Talley,Julian
5520,"Ross, Rashad",WR,Ross,Rashad
5574,"Brockel, Richie",TE,Brockel,Richie
5654,"Cassel, Matt",QB,Cassel,Matt
5655,"Yates, T.J.",QB,Yates,T.J.
5656,"Henne, Chad",QB,Henne,Chad
5668,"McKnight, Joe",RB,McKnight,Joe
5753,"Woodhead, Danny",RB,Woodhead,Danny
5769,"Harvey, Mario",RB,Harvey,Mario
5855,"Streater, Rod",WR,Streater,Rod
5965,"Pitta, Dennis",TE,Pitta,Dennis
5972,"Miller, Zach",TE,Miller,Zach
5983,"Jensen, Marcel",TE,Jensen,Marcel
5996,"Shuler, Mickey",TE,Shuler,Mickey
6007,"Thompson, Taylor",TE,Thompson,Taylor
6128,"Dwyer, Jonathan",RB,Dwyer,Jonathan
6292,"Jernigan, Jerrel",WR,Jernigan,Jerrel
6551,"Peterson, Adrian",RB,Peterson,Adrian
6740,"Spurlock, Micheal",WR,Spurlock,Micheal
6812,"Eifert, Tyler",TE,Eifert,Tyler
6906,"Moore, Kellen",QB,Moore,Kellen
6911,"Bradford, Sam",QB,Bradford,Sam
6913,"Winston, Jameis",QB,Winston,Jameis
6923,"McCarron, A.J.",QB,McCarron,A.J.
6928,"Freeman, Josh",QB,Freeman,Josh
6934,"Tanney, Alex",QB,Tanney,Alex
6946,"Daniels, B.J.",QB,Daniels,B.J.
6952,"Hightower, Tim",RB,Hightower,Tim
6964,"Artis-Payne, Cameron",RB,Artis-Payne,Cameron
6966,"Ware, Spencer",RB,Ware,Spencer
6969,"Cobb, David",RB,Cobb,David
6971,"Allen, Javorius",RB,Allen,Javorius
6975,"Williams, Karlos",RB,Williams,Karlos
6981,"Barner, Kenjon",RB,Barner,Kenjon
6984,"Johnson, Duke",RB,Johnson,Duke
6996,"Davis, Mike",RB,Davis,Mike
6997,"Hunt, Akeem",RB,Hunt,Akeem
6998,"Abdullah, Ameer",RB,Abdullah,Ameer
7015,"Brown, Malcolm",RB,Brown,Malcolm
7021,"Burton, Michael",RB,Burton,Michael
7022,"Gillislee, Mike",RB,Gillislee,Mike
7028,"Langford, Jeremy",RB,Langford,Jeremy
7029,"Williams, Trey",RB,Williams,Trey
7030,"Ward, Terron",RB,Ward,Terron
7035,"Ajayi, Jay",RB,Ajayi,Jay
7039,"Hayne, Jarryd",RB,Hayne,Jarryd
7040,"Magee, Terrence",RB,Magee,Terrence
7045,"Gaskins, Kendall",RB,Gaskins,Kendall
7053,"Jones, Taiwan",RB,Jones,Taiwan
7054,"Smith, Rod",RB,Smith,Rod
7058,"Fowler, Jalston",RB,Fowler,Jalston
7060,"Ripkowski, Aaron",RB,Ripkowski,Aaron
7063,"Mostert, Raheem",RB,Mostert,Raheem
7070,"Funchess, Devin",WR,Funchess,Devin
7073,"Crowder, Jamison",WR,Crowder,Jamison
7074,"Parker, DeVante",WR,Parker,DeVante
7082,"Williams, Tyrell",WR,Williams,Tyrell
7097,"Coleman, Brandon",WR,Coleman,Brandon
7101,"Butler, Jeremy",WR,Butler,Jeremy
7102,"Strong, Jaelen",WR,Strong,Jaelen
7108,"Jennings, Darius",WR,Jennings,Darius
7111,"Green-Beckham, Dorial",WR,Green-Beckham,Dorial
7119,"Brown, Corey",WR,Brown,Corey
7120,"Jones, Marvin",WR,Jones,Marvin
7123,"Dorsett, Phillip",WR,Dorsett,Phillip
7124,"Norwood, Jordan",WR,Norwood,Jordan
7126,"Hardy, Justin",WR,Hardy,Justin
7128,"Dye, Donteea",WR,Dye,Donteea
7130,"Snead, Willie",WR,Snead,Willie
7131,"Lockett, Tyler",WR,Lockett,Tyler
7132,"Herndon, Javontee",WR,Herndon,Javontee
7134,"Thompson, Deonte",WR,Thompson,Deonte
7138,"Pryor, Terrelle",WR,Pryor,Terrelle
7139,"Roberts, Seth",WR,Roberts,Seth
7143,"Agholor, Nelson",WR,Agholor,Nelson
7145,"Conley, Chris",WR,Conley,Chris
7147,"Cooper, Amari",WR,Cooper,Amari
7149,"Meredith, Cameron",WR,Meredith,Cameron
7155,"Smith, Kevin",WR,Smith,Kevin
7159,"Williams, Kasen",WR,Williams,Kasen
7163,"Diggs, Stefon",WR,Diggs,Stefon
7165,"Harper, Chris",WR,Harper,Chris
7167,"Golden, Brittan",WR,Golden,Brittan
7168,"Greene, Rashad",WR,Greene,Rashad
7169,"Enunwa, Quincy",WR,Enunwa,Quincy
7171,"Fowler, Bennie",WR,Fowler,Bennie
7174,"McBride, Tre",WR,McBride,Tre
7177,"Turzilli, Andrew",WR,Turzilli,Andrew
7178,"Edwards, Ben",WR,Edwards,Ben
7179,"Marquez, Bradley",WR,Marquez,Bradley
7182,"Jones, T.J.",WR,Jones,T.J.
7184,"Abbrederis, Jared",WR,Abbrederis,Jared
7187,"Nelson, J.J.",WR,Nelson,J.J.
7189,"Jones, Seantavius",WR,Jones,Seantavius
7190,"Hazel, Matt",WR,Hazel,Matt
7191,"Whitehead, Lucky",WR,Whitehead,Lucky
7192,"Clay, Kaelin",WR,Clay,Kaelin
7195,"Humphries, Adam",WR,Humphries,Adam
7198,"White, Myles",WR,White,Myles
7203,"Mumphery, Keith",WR,Mumphery,Keith
7204,"Williams, Nick",WR,Williams,Nick
7205,"Brown, Daniel",WR,Brown,Daniel
7208,"Bray, Quan",WR,Bray,Quan
7218,"Tye, Will",TE,Tye,Will
7225,"Williams, Maxx",TE,Williams,Maxx
7230,"Walford, Clive",TE,Walford,Clive
7260,"Bell, Blake",TE,Bell,Blake
7267,"Cunningham, Jerome",TE,Cunningham,Jerome
7268,"Backman, Kennard",TE,Backman,Kennard
7270,"Lee, Khari",TE,Lee,Khari
7271,"James, Jesse",TE,James,Jesse
7275,"Williams, Michael",TE,Williams,Michael
7279,"O'Leary, Nick",TE,O'Leary,Nick
7280,"Swaim, Geoff",TE,Swaim,Geoff
7281,"Simonson, Scott",TE,Simonson,Scott
7283,"Uzomah, C.J.",TE,Uzomah,C.J.
7286,"LaCosse, Matt",TE,LaCosse,Matt
7288,"Pruitt, MyCole",TE,Pruitt,MyCole
7289,"Kroft, Tyler",TE,Kroft,Tyler
7291,"Bibbs, E.J.",TE,Bibbs,E.J.
7293,"Stoneburner, Jake",TE,Stoneburner,Jake
7299,"Parker, Brian",TE,Parker,Brian
7368,"Tolzien, Scott",QB,Tolzien,Scott
7387,"Gurley, Todd",RB,Gurley,Todd
7471,"Nix, Roosevelt",RB,Nix,Roosevelt
7472,"Hunter, Kendall",RB,Hunter,Kendall
7475,"Iosefa, Joey",RB,Iosefa,Joey
7488,"Crockett, John",RB,Crockett,John
7591,"Krause, Jonathan",WR,Krause,Jonathan
7796,"Mariota, Marcus",QB,Mariota,Marcus
7799,"Siemian, Trevor",QB,Siemian,Trevor
7850,"Gordon, Melvin",RB,Gordon,Melvin
7861,"Jones, Matt",RB,Jones,Matt
7873,"Coleman, Tevin",RB,Coleman,Tevin
8050,"Simpson, Jerome",WR,Simpson,Jerome
8237,"Jones, Landry",QB,Jones,Landry
8240,"Renfree, Sean",QB,Renfree,Sean
8281,"Yeldon, T.J.",RB,Yeldon,T.J.
8297,"Rawls, Thomas",RB,Rawls,Thomas
8336,"Murphy, Marcus",RB,Murphy,Marcus
8492,"Smith, Devin",WR,Smith,Devin
8788,"Johnson, Malcolm",RB,Johnson,Malcolm
8882,"Alford, Mario",WR,Alford,Mario
8971,"Boyle, Nick",TE,Boyle,Nick
9097,"Mannion, Sean",QB,Mannion,Sean
9736,"Richardson, Rico",WR,Richardson,Rico
9970,"Harris, Alonzo",RB,Harris,Alonzo
10109,"Davis, Geremy",WR,Davis,Geremy
10123,"Coates, Sammie",WR,Coates,Sammie
10298,"Lewis, Dion",RB,Lewis,Dion
10472,"White, DeAndrew",WR,White,DeAndrew
10615,"Orlovsky, Dan",QB,Orlovsky,Dan
11223,"Waller, Darren",WR,Waller,Darren
11284,"O'Shaughnessy, James",TE,O'Shaughnessy,James
11303,"McCoy, Anthony",TE,McCoy,Anthony
11440,"Zenner, Zach",RB,Zenner,Zach
11449,"Grant, Corey",RB,Grant,Corey
11560,"Montgomery, Ty",WR,Montgomery,Ty
11596,"Washington, Tony",WR,Washington,Tony
11813,"Robinson, Josh",RB,Robinson,Josh
11828,"Wood, Cierre",RB,Wood,Cierre
11956,"Worthy, Chandler",WR,Worthy,Chandler
12620,"Varga, Tyler",RB,Varga,Tyler
12947,"Murphy, Tyler",QB,Murphy,Tyler
13057,"Pead, Isaiah",RB,Pead,Isaiah
13777,"Wentz, Carson",QB,Wentz,Carson
13792,"Cook, Connor",QB,Cook,Connor
13795,"Goff, Jared",QB,Goff,Jared
13797,"Jones, Cardale",QB,Jones,Cardale
13798,"Boykin, Trevone",QB,Boykin,Trevone
13799,"Prescott, Dak",QB,Prescott,Dak
13801,"Fales, David",QB,Fales,David
13819,"Booker, Devontae",RB,Booker,Devontae
13824,"Howard, Jordan",RB,Howard,Jordan
13826,"Dixon, Kenneth",RB,Dixon,Kenneth
13829,"Henry, Derrick",RB,Henry,Derrick
13830,"Perkins, Paul",RB,Perkins,Paul
13840,"Watson, Terrell",RB,Watson,Terrell
13851,"Washington, DeAndre",RB,Washington,DeAndre
13860,"Collins, Alex",RB,Collins,Alex
13864,"Marshall, Byron",RB,Marshall,Byron
13865,"Wilds, Brandon",RB,Wilds,Brandon
13870,"Kelley, Rob",RB,Kelley,Rob
13879,"Barber, Peyton",RB,Barber,Peyton
13881,"Addison, Bralon",RB,Addison,Bralon
13887,"Hill, Bronson",RB,Hill,Bronson
13888,"Drake, Kenyan",RB,Drake,Kenyan
13891,"Richard, Jalen",RB,Richard,Jalen
13896,"Williams, Jonathan",RB,Williams,Jonathan
13898,"Washington, Dwayne",RB,Washington,Dwayne
13900,"Ferguson, Josh",RB,Ferguson,Josh
13908,"Watt, Derek",RB,Watt,Derek
13909,"Smith, Keith",RB,Smith,Keith
13910,"Kerridge, Joe",RB,Kerridge,Joe
13913,"Ervin, Tyler",RB,Ervin,Tyler
13914,"Brown, Mack",RB,Brown,Mack
13918,"Burks, Brandon",RB,Burks,Brandon
13921,"Thomas, Michael",WR,Thomas,Michael
13930,"Allison, Geronimo",WR,Allison,Geronimo
13932,"Hill, Tyreek",WR,Hill,Tyreek
13939,"Hamilton, Cobi",WR,Hamilton,Cobi
13941,"Ayers, Demarcus",WR,Ayers,Demarcus
13958,"Core, Cody",WR,Core,Cody
13959,"Rogers, Eli",WR,Rogers,Eli
13962,"Rogers, Chester",WR,Rogers,Chester
13964,"Marshall, Jalin",WR,Marshall,Jalin
13965,"Perriman, Breshad",WR,Perriman,Breshad
13966,"Coleman, Corey",WR,Coleman,Corey
13976,"Anderson, Robby",WR,Anderson,Robby
13979,"Boyd, Tyler",WR,Boyd,Tyler
13983,"Taylor, Jordan",WR,Taylor,Jordan
13985,"Shepard, Sterling",WR,Shepard,Sterling
13986,"Cooper, Pharoh",WR,Cooper,Pharoh
13990,"Williams, Wendall",WR,Williams,Wendall
13998,"Fuller, Will",WR,Fuller,Will
14002,"Turner, Paul",WR,Turner,Paul
14008,"Louis, Ricardo",WR,Louis,Ricardo
14010,"Peake, Charone",WR,Peake,Charone
14013,"McEvoy, Tanner",WR,McEvoy,Tanner
14015,"Burbridge, Aaron",WR,Burbridge,Aaron
14016,"Smelter, DeAndre",WR,Smelter,DeAndre
14019,"Byrd, Damier",WR,Byrd,Damier
14020,"Thomas, Mike",WR,Thomas,Mike
14021,"Harris, Maurice",WR,Harris,Maurice
14027,"Martino, Freddie",WR,Martino,Freddie
14033,"McRoberts, Paul",WR,McRoberts,Paul
14039,"Grant, Jakeem",WR,Grant,Jakeem
14040,"Sharpe, Tajae",WR,Sharpe,Tajae
14044,"Moore, Chris",WR,Moore,Chris
14046,"Erickson, Alex",WR,Erickson,Alex
14047,"Lewis, Roger",WR,Lewis,Roger
14051,"Robinson, Demarcus",WR,Robinson,Demarcus
14052,"Benn, Arrelious",WR,Benn,Arrelious
14055,"Higgins, Rashard",WR,Higgins,Rashard
14062,"Lewis, Tommylee",WR,Lewis,Tommylee
14066,"Raymond, Kalif",WR,Raymond,Kalif
14067,"Treggs, Bryce",WR,Treggs,Bryce
14069,"Davis, Trevor",WR,Davis,Trevor
14070,"Wynn, Shane",WR,Wynn,Shane
14073,"Holton, Johnny",WR,Holton,Johnny
14079,"Henry, Hunter",TE,Henry,Hunter
14085,"Koyack, Ben",TE,Koyack,Ben
14096,"DeValve, Seth",TE,DeValve,Seth
14102,"Heuerman, Jeff",TE,Heuerman,Jeff
14106,"Swoope, Erik",TE,Swoope,Erik
14119,"Lengel, Matt",TE,Lengel,Matt
14121,"Vitale, Danny",TE,Vitale,Danny
14124,"Higbee, Tyler",TE,Higbee,Tyler
14127,"McGrath, Sean",TE,McGrath,Sean
14128,"Manhertz, Chris",TE,Manhertz,Chris
14131,"Valles, Hakeem",TE,Valles,Hakeem
14139,"Tialavea, D.J.",TE,Tialavea,D.J.
14143,"Telfer, Randall",TE,Telfer,Randall
14146,"Cross, Alan",TE,Cross,Alan
14148,"Anderson, Stephen",TE,Anderson,Stephen
14149,"Krieger-Coble, Henry",TE,Krieger-Coble,Henry
14150,"Braunecker, Ben",TE,Braunecker,Ben
14151,"Morgan, David",TE,Morgan,David
14156,"Perkins, Joshua",TE,Perkins,Joshua
14180,Los Angeles Defense,Def,Los Angeles Defense,
14224,"Kessler, Cody",QB,Kessler,Cody
14226,"Hundley, Brett",QB,Hundley,Brett
14229,"Petty, Bryce",QB,Petty,Bryce
14238,"Elliott, Ezekiel",RB,Elliott,Ezekiel
14262,"Farrow, Kenneth",RB,Farrow,Kenneth
14404,"Mitchell, Malcolm",WR,Mitchell,Malcolm
14468,"Mayle, Vince",WR,Mayle,Vince
14509,"Grimble, Xavier",TE,Grimble,Xavier
14543,"Adams, Jerell",TE,Adams,Jerell
14563,"Hamm, Je'Ron",TE,Hamm,Je'Ron
14754,"Lasike, Paul",RB,Lasike,Paul
14905,"Carroo, Leonte",WR,Carroo,Leonte
14908,"Braverman, Daniel",WR,Braverman,Daniel
14929,"Hooper, Austin",TE,Hooper,Austin
14931,"Derby, A.J.",TE,Derby,A.J.
14952,"Sterling, Neal",TE,Sterling,Neal
14996,"Vannett, Nick",TE,Vannett,Nick
15145,"Pope, Troymaine",RB,Pope,Troymaine
15153,"Smallwood, Wendell",RB,Smallwood,Wendell
15164,"Lasco, Daniel",RB,Lasco,Daniel
15310,"Lampman, Jake",WR,Lampman,Jake
15324,"Treadwell, Laquon",WR,Treadwell,Laquon
15413,"Jones, Dominique",TE,Jones,Dominique
15490,"Lynch, Paxton",QB,Lynch,Paxton
15549,"Bibbs, Kapri",RB,Bibbs,Kapri
15581,"Farmer, George",RB,Farmer,George
15735,"Miller, Braxton",WR,Miller,Braxton
15791,"Christian, Gerald",TE,Christian,Gerald
15896,"Hogan, Kevin",QB,Hogan,Kevin
15978,"Janovich, Andy",RB,Janovich,Andy
16338,"Prosise, C.J.",RB,Prosise,C.J.
16614,"Travis, Ross",TE,Travis,Ross
17144,"Jackson, Don",RB,Jackson,Don
17622,"Payton, Jordan",WR,Payton,Jordan
17701,"Momah, Ifeanyi",TE,Momah,Ifeanyi
18104,"Hamlett, Connor",TE,Hamlett,Connor
18111,"Wick, Cole",TE,Wick,Cole
18266,"Foster, D.J.",RB,Foster,D.J.
18488,"Bowman, Braedon",TE,Bowman,Braedon
18928,"Brissett, Jacoby",QB,Brissett,Jacoby
19079,"White, Kevin",WR,White,Kevin
19264,"Charles, Orson",TE,Charles,Orson
19414,"Richardson, Daryl",RB,Richardson,Daryl
19851,"Howsare, Julian",RB,Howsare,Julian
19947,"Doctson, Josh",WR,Doctson,Josh
20548,"Kizer, DeShone",QB,Kizer,DeShone
20565,"Mahomes, Patrick",QB,Mahomes,Patrick
20572,"Sudfeld, Nate",QB,Sudfeld,Nate
20573,"Trubisky, Mitchell",QB,Trubisky,Mitchell
20578,"Callahan, Joe",QB,Callahan,Joe
20583,"Bray, Tyler",QB,Bray,Tyler
20585,"Kamara, Alvin",RB,Kamara,Alvin
20595,"Fournette, Leonard",RB,Fournette,Leonard
20602,"Williams, Jamaal",RB,Williams,Jamaal
20606,"Mack, Marlon",RB,Mack,Marlon
20607,"Breida, Matt",RB,Breida,Matt
20608,"Henderson, De'Angelo",RB,Henderson,De'Angelo
20609,"McCaffrey, Christian",RB,McCaffrey,Christian
20611,"Penny, Elijhaa",RB,Penny,Elijhaa
20613,"Mixon, Joe",RB,Mixon,Joe
20614,"Hunt, Kareem",RB,Hunt,Kareem
20618,"Gallman, Wayne",RB,Gallman,Wayne
20619,"Cohen, Tarik",RB,Cohen,Tarik
20628,"McKissic, J.D.",RB,McKissic,J.D.
20632,"Smith, De'Veon",RB,Smith,De'Veon
20635,"Green, Tion",RB,Green,Tion
20642,"McGuire, Elijah",RB,McGuire,Elijah
20646,"Mays, Devante",RB,Mays,Devante
20657,"Ham, C.J.",RB,Ham,C.J.
20667,"Perine, Samaje",RB,Perine,Samaje
20674,"Dayes, Matthew",RB,Dayes,Matthew
20677,"Edmunds, Trey",RB,Edmunds,Trey
20681,"Davis, Justin",RB,Davis,Justin
20684,"Clement, Corey",RB,Clement,Corey
20686,"Fluellen, David",RB,Fluellen,David
20687,"Ekeler, Austin",RB,Ekeler,Austin
20689,"Hill, Brian",RB,Hill,Brian
20691,"Smith-Schuster, JuJu",WR,Smith-Schuster,JuJu
20695,"Godwin, Chris",WR,Godwin,Chris
20709,"Golladay, Kenny",WR,Golladay,Kenny
20724,"Sharp, Hunter",WR,Sharp,Hunter
20740,"Switzer, Ryan",WR,Switzer,Ryan
20747,"Cole, Keelan",WR,Cole,Keelan
20751,"Stewart, ArDarius",WR,Stewart,ArDarius
20753,"Hollins, Mack",WR,Hollins,Mack
20759,"Taylor, Trent",WR,Taylor,Trent
20760,"Bourne, Kendrick",WR,Bourne,Kendrick
20766,"Jones, Zay",WR,Jones,Zay
20770,"Johnson, Marcus",WR,Johnson,Marcus
20771,"Rudolph, Travis",WR,Rudolph,Travis
20775,"Reynolds, Josh",WR,Reynolds,Josh
20778,"Gibson, Shelton",WR,Gibson,Shelton
20782,"Hansen, Chad",WR,Hansen,Chad
20785,"Westbrook, Dede",WR,Westbrook,Dede
20787,"Chesson, Jehu",WR,Chesson,Jehu
20791,"McKenzie, Isaiah",WR,McKenzie,Isaiah
20793,"Clark, Michael",WR,Clark,Michael
20794,"Darboh, Amara",WR,Darboh,Amara
20800,"Taylor, Taywan",WR,Taylor,Taywan
20801,"Wilson, Bobo",WR,Wilson,Bobo
20808,"Malone, Josh",WR,Malone,Josh
20814,"Brown, Noah",WR,Brown,Noah
20818,"Davis, Corey",WR,Davis,Corey
20830,"Mickens, Jaydon",WR,Mickens,Jaydon
20833,"Kittle, George",TE,Kittle,George
20847,"Njoku, David",TE,Njoku,David
20853,"Smith, Jonnu",TE,Smith,Jonnu
20858,"Everett, Gerald",TE,Everett,Gerald
20860,"Tomlinson, Eric",TE,Tomlinson,Eric
20876,"Griffin, Garrett",TE,Griffin,Garrett
20883,"Seals-Jones, Ricky",TE,Seals-Jones,Ricky
20885,"Sprinkle, Jeremy",TE,Sprinkle,Jeremy
20893,"Auclair, Antony",TE,Auclair,Antony
20896,"Carter, Cethan",TE,Carter,Cethan
20905,"Traylor, Austin",TE,Traylor,Austin
20911,"Daniels, Darrell",TE,Daniels,Darrell
20916,"Hollister, Jacob",TE,Hollister,Jacob
20919,Kansas City,Def,Kansas City,
20920,Dallas,Def,Dallas,
20921,Tennessee,Def,Tennessee,
20922,Detroit,Def,Detroit,
20923,Pittsburgh,Def,Pittsburgh,
20924,New Orleans,Def,New Orleans,
20925,Jacksonville,Def,Jacksonville,
20926,New England,Def,New England,
20927,New York G,Def,New York G,
20928,Denver,Def,Denver,
20929,Atlanta,Def,Atlanta,
20930,San Francisco,Def,San Francisco,
20931,Tampa Bay,Def,Tampa Bay,
20932,Philadelphia,Def,Philadelphia,
20933,LA Chargers,Def,LA Chargers,
20934,Indianapolis,Def,Indianapolis,
20935,Cincinnati,Def,Cincinnati,
20936,Seattle,Def,Seattle,
20937,Chicago,Def,Chicago,
20938,Washington,Def,Washington,
20939,Minnesota,Def,Minnesota,
20940,Cleveland,Def,Cleveland,
20941,LA Rams,Def,LA Rams,
20942,Buffalo,Def,Buffalo,
20943,Oakland,Def,Oakland,
20944,Miami,Def,Miami,
20945,Arizona,Def,Arizona,
20946,Baltimore,Def,Baltimore,
20947,New York J,Def,New York J,
20948,Houston,Def,Houston,
20949,Carolina,Def,Carolina,
20950,Green Bay,Def,Green Bay,
20983,"Heinicke, Taylor",QB,Heinicke,Taylor
21062,"Jones, Aaron",RB,Jones,Aaron
21094,"McNichols, Jeremy",RB,McNichols,Jeremy
21102,"Vitale, Dan",RB,Vitale,Dan
21116,"Kupp, Cooper",WR,Kupp,Cooper
21138,"Byrd, Damiere",WR,Byrd,Damiere
21248,"Hall, Marvin",WR,Hall,Marvin
21295,"Engram, Evan",TE,Engram,Evan
21326,"Roberts, Michael",TE,Roberts,Michael
21339,"Holmes, Gabe",TE,Holmes,Gabe
21496,"Conner, James",RB,Conner,James
21503,"Daniels Jr., LeShun",RB,Daniels Jr.,LeShun
21590,"Natson, JoJo",WR,Natson,JoJo
21650,"Whitney, Isaac",WR,Whitney,Isaac
21676,"Williams, Chad",WR,Williams,Chad
21694,"Howard, O.J.",TE,Howard,O.J.
21836,"Peterman, Nathan",QB,Peterman,Nathan
22044,"Powe, Darius",WR,Powe,Darius
22098,"Bolden, Victor",WR,Bolden,Victor
22099,"Reedy, Bernard",WR,Reedy,Bernard
22117,"Shaheen, Adam",TE,Shaheen,Adam
22275,"Rudock, Jake",QB,Rudock,Jake
22692,"Beathard, C.J.",QB,Beathard,C.J.
23124,"Rush, Cooper",QB,Rush,Cooper
23131,"Foreman, D'Onta",RB,Foreman,D'Onta
23652,"Samuel, Curtis",WR,Samuel,Curtis
23717,"Eagan, Ed",WR,Eagan,Ed
23718,"Ross, John",WR,Ross,John
23962,"Madden, Tre",RB,Madden,Tre
24177,"Hikutini, Cole",TE,Hikutini,Cole
24206,"Watson, Deshaun",QB,Watson,Deshaun
24420,"Gentry, Tanner",WR,Gentry,Tanner
24454,"Coley, Stacy",WR,Coley,Stacy
25211,"McCaffrey, Max",WR,McCaffrey,Max
25759,"Cook, Dalvin",RB,Cook,Dalvin
25768,"Carson, Chris",RB,Carson,Chris
25985,"Leslie, Jordan",WR,Leslie,Jordan
27373,"Allen, Josh",QB,Allen,Josh
27377,"Jackson, Lamar",QB,Jackson,Lamar
27378,"Mayfield, Baker",QB,Mayfield,Baker
27380,"Allen, Kyle",QB,Allen,Kyle
27384,"Mullens, Nick",QB,Mullens,Nick
27387,"Mahomes II, Patrick",QB,Mahomes II,Patrick
27398,"Darnold, Sam",QB,Darnold,Sam
27399,"Hill, Taysom",QB,Hill,Taysom
27401,"Rosen, Josh",QB,Rosen,Josh
27402,"Driskel, Jeff",QB,Driskel,Jeff
27406,"Johnson, Josh",QB,Johnson,Josh
27407,"Gilbert, Garrett",QB,Gilbert,Garrett
27411,"Lauletta, Kyle",QB,Lauletta,Kyle
27417,"Barkley, Saquon",RB,Barkley,Saquon
27422,"Freeman, Royce",RB,Freeman,Royce
27441,"Adams, Josh",RB,Adams,Josh
27442,"Samuels, Jaylen",RB,Samuels,Jaylen
27452,"Edwards, Gus",RB,Edwards,Gus
27456,"Hines, Nyheim",RB,Hines,Nyheim
27457,"Kelly, John",RB,Kelly,John
27462,"Michel, Sony",RB,Michel,Sony
27464,"Ballage, Kalen",RB,Ballage,Kalen
27467,"Chubb, Nick",RB,Chubb,Nick
27471,"Edmonds, Chase",RB,Edmonds,Chase
27474,"Wilkins, Jordan",RB,Wilkins,Jordan
27477,"Williams, Darrel",RB,Williams,Darrel
27484,"Bellore, Nick",RB,Bellore,Nick
27487,"Jackson, Darius",RB,Jackson,Darius
27488,"Armah, Alex",RB,Armah,Alex
27489,"Cannon, Trenton",RB,Cannon,Trenton
27495,"Jackson, Justin",RB,Jackson,Justin
27496,"Wilson Jr., Jeff",RB,Wilson Jr.,Jeff
27500,"Penny, Rashaad",RB,Penny,Rashaad
27501,"Williams, David",RB,Williams,David
27502,"Boone, Mike",RB,Boone,Mike
27503,"Walton, Mark",RB,Walton,Mark
27507,"Ortiz, Ricky",RB,Ortiz,Ricky
27509,"Scott, Boston",RB,Scott,Boston
27513,"Mizzell, Taquan",RB,Mizzell,Taquan
27516,"Jones, Ronald",RB,Jones,Ronald
27518,"Hilliard, Dontrell",RB,Hilliard,Dontrell
27522,"Logan, T.J.",RB,Logan,T.J.
27539,"Powell, Brandon",WR,Powell,Brandon
27543,"Callaway, Antonio",WR,Callaway,Antonio
27554,"Ridley, Calvin",WR,Ridley,Calvin
27561,"Burnett, Deontay",WR,Burnett,Deontay
27562,"James, Richie",WR,James,Richie
27563,"Foster, Robert",WR,Foster,Robert
27564,"Moore, D.J.",WR,Moore,D.J.
27565,"Smith, Tre'Quan",WR,Smith,Tre'Quan
27568,"Jones, Andy",WR,Jones,Andy
27572,"Gallup, Michael",WR,Gallup,Michael
27573,"Hamilton, DaeSean",WR,Hamilton,DaeSean
27576,"Washington, James",WR,Washington,James
27580,"Patrick, Tim",WR,Patrick,Tim
27583,"Valdes-Scantling, Marquez",WR,Valdes-Scantling,Marquez
27584,"Wims, Javon",WR,Wims,Javon
27589,"Carter, DeAndre",WR,Carter,DeAndre
27592,"Smith, Vyncint",WR,Smith,Vyncint
27597,"Kumerow, Jake",WR,Kumerow,Jake
27601,"Cracraft, River",WR,Cracraft,River
27603,"Sherfield, Trent",WR,Sherfield,Trent
27609,"Moore, David",WR,Moore,David
27611,"Sutton, Courtland",WR,Sutton,Courtland
27613,"Gage, Russell",WR,Gage,Russell
27614,"Dieter, Gehrig",WR,Dieter,Gehrig
27620,"Tate, Auden",WR,Tate,Auden
27623,"Ateman, Marcell",WR,Ateman,Marcell
27624,"Lazard, Allen",WR,Lazard,Allen
27630,"Moore, J'Mon",WR,Moore,J'Mon
27631,"McCloud, Ray-Ray",WR,McCloud,Ray-Ray
27634,"Jones, J.J.",WR,Jones,J.J.
27639,"Miller, Anthony",WR,Miller,Anthony
27640,"Kemp, Marcus",WR,Kemp,Marcus
27643,"Zylstra, Brandon",WR,Zylstra,Brandon
27644,"Carr, Austin",WR,Carr,Austin
27650,"Chark, D.J.",WR,Chark,D.J.
27652,"Hodge, KhaDarel",WR,Hodge,KhaDarel
27653,"Watson, Justin",WR,Watson,Justin
27662,"Kirkwood, Keith",WR,Kirkwood,Keith
27663,"Ratley, Damion",WR,Ratley,Damion
27668,"Jarwin, Blake",TE,Jarwin,Blake
27671,"Thomas, Ian",TE,Thomas,Ian
27676,"Andrews, Mark",TE,Andrews,Mark
27683,"Hurst, Hayden",TE,Hurst,Hayden
27687,"Goedert, Dallas",TE,Goedert,Dallas
27690,"Croom, Jason",TE,Croom,Jason
27698,"Smythe, Durham",TE,Smythe,Durham
27701,"Alie-Cox, Mo",TE,Alie-Cox,Mo
27703,"Gesicki, Mike",TE,Gesicki,Mike
27704,"Schultz, Dalton",TE,Schultz,Dalton
27706,"Firkser, Anthony",TE,Firkser,Anthony
27707,"Herndon, Chris",TE,Herndon,Chris
27709,"Leggett, Jordan",TE,Leggett,Jordan
27710,"Tonyan, Robert",TE,Tonyan,Robert
27712,"Thomas, Jordan",TE,Thomas,Jordan
27713,"Dwelley, Ross",TE,Dwelley,Ross
27714,"Mundt, Johnny",TE,Mundt,Johnny
27722,"Akins, Jordan",TE,Akins,Jordan
27738,"Arnold, Dan",TE,Arnold,Dan
27742,"Saubert, Eric",TE,Saubert,Eric
27743,"Gathers, Rico",TE,Gathers,Rico
27745,"Culkin, Sean",TE,Culkin,Sean
27751,"Conklin, Tyler",TE,Conklin,Tyler
27866,"Lindsay, Phillip",RB,Lindsay,Phillip
27871,"Ford, Keith",RB,Ford,Keith
27923,"Newsome, Detrez",RB,Newsome,Detrez
27962,"St. Brown, Equanimeous",WR,St. Brown,Equanimeous
27994,"Pascal, Zach",WR,Pascal,Zach
28015,"Pettis, Dante",WR,Pettis,Dante
28033,"Tolliver, Jalen",WR,Tolliver,Jalen
28054,"Batson, Cameron",WR,Batson,Cameron
28062,"Davis, Jawill",WR,Davis,Jawill
28087,"Beebe, Chad",WR,Beebe,Chad
28294,"Smith, Ito",RB,Smith,Ito
28476,"Turner, Malik",WR,Turner,Malik
28664,"Dobbs, Joshua",QB,Dobbs,Joshua
29002,"Franks, Jordan",TE,Franks,Jordan
29246,"Kirk, Christian",WR,Kirk,Christian
29349,"Hatcher, Keon",WR,Hatcher,Keon
29622,"Ogunbowale, Dare",RB,Ogunbowale,Dare
29660,"Quinn, Trey",WR,Quinn,Trey
29709,"Coutee, Keke",WR,Coutee,Keke
29767,"Henderson, Quadree",WR,Henderson,Quadree
29945,"Johnson, Kerryon",RB,Johnson,Kerryon
30346,"Wilson, Shaun",RB,Wilson,Shaun
30586,"Grinnage, David",TE,Grinnage,David
31063,"Thomas, Roc",RB,Thomas,Roc
31197,"Phillips, Cam",WR,Phillips,Cam
31755,"Kelly, Chad",QB,Kelly,Chad
32033,"Swoopes, Tyrone",TE,Swoopes,Tyrone
32212,"Turner, De'Lance",RB,Turner,De'Lance
32308,"Willies, Derrick",WR,Willies,Derrick
32383,"White, Tim",WR,White,Tim
32841,"Dissly, Will",TE,Dissly,Will
33238,"Butt, Jake",TE,Butt,Jake
33358,"Allen, Brandon",QB,Allen,Brandon
33582,"Grant, Janarion",WR,Grant,Janarion
33701,"Smith, Shane",TE,Smith,Shane
34031,"McCarron, Riley",WR,McCarron,Riley
34157,"Minshew, Gardner",QB,Minshew,Gardner
34163,"Murray, Kyler",QB,Murray,Kyler
34164,"Jones, Daniel",QB,Jones,Daniel
34173,"Blough, David",QB,Blough,David
34174,"Lock, Drew",QB,Lock,Drew
34185,"Hodges, Devlin",QB,Hodges,Devlin
34191,"McSorley, Trace",QB,McSorley,Trace
34192,"Grier, Will",QB,Grier,Will
34204,"Montgomery, David",RB,Montgomery,David
34207,"Armstead, Ryquell",RB,Armstead,Ryquell
34215,"Snell, Benny",RB,Snell,Benny
34216,"Homer, Travis",RB,Homer,Travis
34219,"Hill, Justice",RB,Hill,Justice
34223,"Laird, Patrick",RB,Laird,Patrick
34229,"Sanders, Miles",RB,Sanders,Miles
34230,"Ozigbo, Devine",RB,Ozigbo,Devine
34233,"Pollard, Tony",RB,Pollard,Tony
34238,"Johnson, Ty",RB,Johnson,Ty
34240,"Bonnafon, Reggie",RB,Bonnafon,Reggie
34246,"Scarbrough, Bo",RB,Scarbrough,Bo
34252,"Thompson, Darwin",RB,Thompson,Darwin
34257,"Blasingame, Khari",RB,Blasingame,Khari
34265,"Williams, Dexter",RB,Williams,Dexter
34266,"Ollison, Qadree",RB,Ollison,Qadree
34267,"Nall, Ryan",RB,Nall,Ryan
34270,"Howell, Buddy",RB,Howell,Buddy
34276,"Whyte, Kerrith",RB,Whyte,Kerrith
34282,"Gillaspia, Cullen",RB,Gillaspia,Cullen
34283,"Cox, Chandler",RB,Cox,Chandler
34289,"Johnson, D'Ernest",RB,Johnson,D'Ernest
34296,"Ricard, Patrick",RB,Ricard,Patrick
34297,"Ingold, Alec",RB,Ingold,Alec
34302,"Samuel, Deebo",WR,Samuel,Deebo
34304,"Brown, A.J.",WR,Brown,A.J.
34305,"Renfrow, Hunter",WR,Renfrow,Hunter
34313,"Metcalf, D.K.",WR,Metcalf,D.K.
34314,"Williams, Duke",WR,Williams,Duke
34316,"Sims Jr., Steven",WR,Sims Jr.,Steven
34331,"Ford, Isaiah",WR,Ford,Isaiah
34337,"Ward, Greg",WR,Ward,Greg
34341,"Hardman, Mecole",WR,Hardman,Mecole
34343,"Johnson, Diontae",WR,Johnson,Diontae
34345,"Slayton, Darius",WR,Slayton,Darius
34349,"Ridley, Riley",WR,Ridley,Riley
34357,"Harry, N'Keal",WR,Harry,N'Keal
34360,"Hollins, Alexander",WR,Hollins,Alexander
34362,"Johnson, Olabisi",WR,Johnson,Olabisi
34363,"Harmon, Kelvin",WR,Harmon,Kelvin
34367,"Mitchell, Steven",WR,Mitchell,Steven
34379,"Zaccheaus, Olamide",WR,Zaccheaus,Olamide
34382,"Brown, Marquise",WR,Brown,Marquise
34387,"Lacy, Chris",WR,Lacy,Chris
34391,"Gafford, Rico",WR,Gafford,Rico
34396,"Sims, Cam",WR,Sims,Cam
34397,"Berrios, Braxton",WR,Berrios,Braxton
34398,"Ursua, John",WR,Ursua,John
34403,"Scott, Jaleel",WR,Scott,Jaleel
34407,"Grayson, Cyril",WR,Grayson,Cyril
34408,"Harris, Deonte",WR,Harris,Deonte
34411,"Boykin, Miles",WR,Boykin,Miles
34413,"Pringle, Byron",WR,Pringle,Byron
34415,"Bryant, Ventell",WR,Bryant,Ventell
34417,"Board, C.J.",WR,Board,C.J.
34422,"Davis, Robert",WR,Davis,Robert
34423,"Moore, Jason",WR,Moore,Jason
34424,"Brown, Fred",WR,Brown,Fred
34425,"Cain, Deon",WR,Cain,Deon
34428,"Blake, Christian",WR,Blake,Christian
34430,"Patton, Andre",WR,Patton,Andre
34432,"Arcega-Whiteside, JJ",WR,Arcega-Whiteside,JJ
34436,"Isabella, Andy",WR,Isabella,Andy
34437,"Scott, Da'Mari",WR,Scott,Da'Mari
34438,"Meyers, Jakobi",WR,Meyers,Jakobi
34439,"Dulin, Ashton",WR,Dulin,Ashton
34440,"Webster, Nsimba",WR,Webster,Nsimba
34441,"Fulgham, Travis",WR,Fulgham,Travis
34443,"Spencer, Diontae",WR,Spencer,Diontae
34446,"Smith, Kaden",TE,Smith,Kaden
34453,"Sweeney, Tommy",TE,Sweeney,Tommy
34458,"Hentges, Hale",TE,Hentges,Hale
34461,"Beck, Andrew",TE,Beck,Andrew
34480,"Smith Jr., Irv",TE,Smith Jr.,Irv
34483,"Fumagalli, Troy",TE,Fumagalli,Troy
34489,"Jones, Charles",TE,Jones,Charles
34495,"Fant, Noah",TE,Fant,Noah
34501,"Hudson, Tanner",TE,Hudson,Tanner
34504,"Nauta, Isaac",TE,Nauta,Isaac
34508,"Graham, Jaeden",TE,Graham,Jaeden
34510,"Winchester, James",TE,Winchester,James
34519,"Holtz, J.P.",TE,Holtz,J.P.
34524,"Horsted, Jesper",TE,Horsted,Jesper
34526,"Carlson, Stephen",TE,Carlson,Stephen
34527,"Sternberger, Jace",TE,Sternberger,Jace
34528,"Wesco, Trevon",TE,Wesco,Trevon
34579,"Haskins, Dwayne",QB,Haskins,Dwayne
34589,"Rudolph, Mason",QB,Rudolph,Mason
34623,"Gaskin, Myles",RB,Gaskin,Myles
34648,"Singletary, Devin",RB,Singletary,Devin
34661,"Dawkins, Dalyn",RB,Dawkins,Dalyn
34676,"Henderson, Darrell",RB,Henderson,Darrell
34731,"McLaurin, Terry",WR,McLaurin,Terry
34784,"Hyman, Ishmael",WR,Hyman,Ishmael
34817,"Hogan, Krishawn",WR,Hogan,Krishawn
34840,"Morgan, Stanley",WR,Morgan,Stanley
34844,"Hollister, Cody",WR,Hollister,Cody
34845,"Guyton, Jalen",WR,Guyton,Jalen
34869,"Walker, Michael",WR,Walker,Michael
34897,"Knox, Dawson",TE,Knox,Dawson
34899,"McElroy, Codey",TE,McElroy,Codey
35047,"Hills, Wes",RB,Hills,Wes
35056,"Jacobs, Josh",RB,Jacobs,Josh
35176,"Miller, Scott",WR,Miller,Scott
35235,"Doss, Keelan",WR,Doss,Keelan
35239,"Smith, Jeff",WR,Smith,Jeff
35268,"Jones, Tevin",WR,Jones,Tevin
35355,"Gentry, Zach",TE,Gentry,Zach
35499,"Mattison, Alexander",RB,Mattison,Alexander
35519,"Guice, Derrius",RB,Guice,Derrius
35653,"Campbell, Parris",WR,Campbell,Parris
35693,"Wilson, Cedrick",WR,Wilson,Cedrick
35729,"Dortch, Greg",WR,Dortch,Greg
35745,"Moreau, Foster",TE,Moreau,Foster
35888,"Boyle, Tim",QB,Boyle,Tim
36121,"Willis, Damion",WR,Willis,Damion
36173,"Hockenson, T.J.",TE,Hockenson,T.J.
36229,"Vander Laan, Jason",TE,Vander Laan,Jason
36290,"Finley, Ryan",QB,Finley,Ryan
36402,"Scarlett, Jordan",RB,Scarlett,Jordan
36762,"Bawden, Nick",RB,Bawden,Nick
36778,"Brooks-James, Tony",RB,Brooks-James,Tony
36864,"Johnson, KeeSean",WR,Johnson,KeeSean
36948,"Oliver, Josh",TE,Oliver,Josh
36965,"Brown, Pharaoh",TE,Brown,Pharaoh
36974,"Yelder, Deon",TE,Yelder,Deon
37292,"Sample, Drew",TE,Sample,Drew
37492,"Williams, Preston",WR,Williams,Preston
37808,"Carson, Tra",RB,Carson,Tra
37976,"Olszewski, Gunner",WR,Olszewski,Gunner
38003,"Shepherd, Darrius",WR,Shepherd,Darrius
38153,"Stidham, Jarrett",QB,Stidham,Jarrett
38221,"Harris, Damien",RB,Harris,Damien
38390,"Humphrey, Lil'Jordan",WR,Humphrey,Lil'Jordan
38579,"Hilliman, Jon",RB,Hilliman,Jon
38609,"Johnson, Jakob",RB,Johnson,Jakob
38791,"Izzo, Ryan",TE,Izzo,Ryan
38902,"Falk, Luke",QB,Falk,Luke
39635,"Ellis, Alex",TE,Ellis,Alex
40656,"Chunn, Jordan",RB,Chunn,Jordan
40677,"Smith, Tremon",RB,Smith,Tremon
40921,"Dillon, Brandon",TE,Dillon,Brandon
40966,"Herbert, Justin",QB,Herbert,Justin
40977,"Tagovailoa, Tua",QB,Tagovailoa,Tua
40982,"Hurts, Jalen",QB,Hurts,Jalen
40987,"Wolford, John",QB,Wolford,John
40995,"Streveler, Chris",QB,Streveler,Chris
40998,"Stevens, Tommy",QB,Stevens,Tommy
41000,"Huntley, Tyler",QB,Huntley,Tyler
41001,"Walker, P.J.",QB,Walker,P.J.
41007,"Taylor, Jonathan",RB,Taylor,Jonathan
41009,"Dobbins, J.K.",RB,Dobbins,J.K.
41023,"Swift, D'Andre",RB,Swift,D'Andre
41028,"Ahmed, Salvon",RB,Ahmed,Salvon
41033,"Akers, Cam",RB,Akers,Cam
41041,"Gibson, Antonio",RB,Gibson,Antonio
41044,"Williams, Trayveon",RB,Williams,Trayveon
41046,"Ward, Jonathan",RB,Ward,Jonathan
41060,"Moss, Zack",RB,Moss,Zack
41069,"McFarland, Anthony",RB,McFarland,Anthony
41072,"Huntley, Jason",RB,Huntley,Jason
41073,"Nabers, Gabe",RB,Nabers,Gabe
41075,"Jones, Tony",RB,Jones,Tony
41083,"Dillon, AJ",RB,Dillon,AJ
41084,"Dowdle, Rico",RB,Dowdle,Rico
41086,"Walter, Austin",RB,Walter,Austin
41093,"Taylor, J.J.",RB,Taylor,J.J.
41094,"Phillips, Scottie",RB,Phillips,Scottie
41095,"Kelley, Joshua",RB,Kelley,Joshua
41101,"Evans, Darrynton",RB,Evans,Darrynton
41103,"Bellamy, LeVante",RB,Bellamy,LeVante
41107,"Vaughn, Ke'Shawn",RB,Vaughn,Ke'Shawn
41108,"Cottrell, Nathan",RB,Cottrell,Nathan
41109,"Jones, Xavier",RB,Jones,Xavier
41116,"Calais, Raymond",RB,Calais,Raymond
41117,"Pierce, Artavis",RB,Pierce,Artavis
41126,"Jeudy, Jerry",WR,Jeudy,Jerry
41128,"Jefferson, Justin",WR,Jefferson,Justin
41130,"Shenault Jr., Laviska",WR,Shenault Jr.,Laviska
41131,"Claypool, Chase",WR,Claypool,Chase
41133,"Davis, Gabriel",WR,Davis,Gabriel
41137,"Mooney, Darnell",WR,Mooney,Darnell
41151,"Edwards, Bryan",WR,Edwards,Bryan
41152,"Cephus, Quintez",WR,Cephus,Quintez
41153,"Bowden, Lynn",WR,Bowden,Lynn
41164,"Lamb, CeeDee",WR,Lamb,CeeDee
41166,"Perry, Malcolm",WR,Perry,Malcolm
41168,"Jefferson, Van",WR,Jefferson,Van
41171,"Cleveland, Tyrie",WR,Cleveland,Tyrie
41174,"Callaway, Marquez",WR,Callaway,Marquez
41186,"Godwin, Terry",WR,Godwin,Terry
41189,"Ruggs III, Henry",WR,Ruggs III,Henry
41191,"Johnson, Tyron",WR,Johnson,Tyron
41195,"Pittman Jr., Michael",WR,Pittman Jr.,Michael
41213,"Johnson, Tyler",WR,Johnson,Tyler
41214,"Reagor, Jalen",WR,Reagor,Jalen
41215,"Mims, Denzel",WR,Mims,Denzel
41220,"Duvernay, Devin",WR,Duvernay,Devin
41222,"Peoples-Jones, Donovan",WR,Peoples-Jones,Donovan
41226,"Mack, Austin",WR,Mack,Austin
41231,"Watkins, Quez",WR,Watkins,Quez
41233,"Johnson, Juwan",WR,Johnson,Juwan
41237,"Hightower, John",WR,Hightower,John
41240,"Swain, Freddie",WR,Swain,Freddie
41243,"Rowland, Chris",WR,Rowland,Chris
41247,"Hart, Penny",WR,Hart,Penny
41248,"Taylor, Malik",WR,Taylor,Malik
41249,"Hill, K.J.",WR,Hill,K.J.
41250,"Higgins, Tee",WR,Higgins,Tee
41253,"Reed, Joe",WR,Reed,Joe
41264,"Westbrook, Nick",WR,Westbrook,Nick
41274,"Agnew, Jamal",WR,Agnew,Jamal
41284,"Parham, Donald",TE,Parham,Donald
41285,"Asiasi, Devin",TE,Asiasi,Devin
41286,"Kmet, Cole",TE,Kmet,Cole
41291,"Dafney, Dominique",TE,Dafney,Dominique
41328,"Keene, Dalton",TE,Keene,Dalton
41330,"Trautman, Adam",TE,Trautman,Adam
41331,"Woerner, Charlie",TE,Woerner,Charlie
41345,"Bryant, Hunter",TE,Bryant,Hunter
41347,"Warring, Kahale",TE,Warring,Kahale
41350,"Davis, Tyler",TE,Davis,Tyler
41354,"Schreck, Mason",TE,Schreck,Mason
41358,"Thompson, Colin",TE,Thompson,Colin
41362,"Parkinson, Colby",TE,Parkinson,Colby
41363,"Keizer, Nick",TE,Keizer,Nick
41380,Las Vegas,Def,Las Vegas,
41440,"Woodside, Logan",QB,Woodside,Logan
41494,"Perine, La'Mical",RB,Perine,La'Mical
41510,"Reynolds, Craig",RB,Reynolds,Craig
41596,"Bradley, Ja'Marcus",WR,Bradley,Ja'Marcus
41646,"Aiyuk, Brandon",WR,Aiyuk,Brandon
41671,"Irwin, Trenton",WR,Irwin,Trenton
41677,"Hamler, KJ",WR,Hamler,KJ
41680,"Wright, Isaiah",WR,Wright,Isaiah
41689,"Gandy-Golden, Antonio",WR,Gandy-Golden,Antonio
41691,"Osborn, K.J.",WR,Osborn,K.J.
41696,"Harris, De'Michael",WR,Harris,De'Michael
41748,"Bryant, Harrison",TE,Bryant,Harrison
41814,"Baugh, Marcus",TE,Baugh,Marcus
41911,"Robinson, James",RB,Robinson,James
41920,"Edwards-Helaire, Clyde",RB,Edwards-Helaire,Clyde
41985,"Dallas, DeeJay",RB,Dallas,DeeJay
42111,"Johnson, Collin",WR,Johnson,Collin
42134,"Proche, James",WR,Proche,James
42243,"Gilliam, Reggie",TE,Gilliam,Reggie
43064,"Hemingway, Temarrick",TE,Hemingway,Temarrick
43170,"Hinton, Kendall",QB,Hinton,Kendall
43492,"Ellefson, Ben",TE,Ellefson,Ben
43579,"Burrow, Joe",QB,Burrow,Joe
43589,"Luton, Jake",QB,Luton,Jake
44028,"Hasty, JaMycal",RB,Hasty,JaMycal
44179,"Badet, Jeff",WR,Badet,Jeff
44270,"Togiai, Noah",TE,Togiai,Noah
44585,"Fountain, Daurice",WR,Fountain,Daurice
44637,"Okwuegbunam, Albert",TE,Okwuegbunam,Albert
44648,"Lovett, John",TE,Lovett,John
44734,"DiNucci, Ben",QB,DiNucci,Ben
44924,"Zuber, Isaiah",WR,Zuber,Isaiah
45123,"Rypien, Brett",QB,Rypien,Brett
45124,"Stick, Easton",QB,Stick,Easton
45428,"Butler, Hakeem",TE,Butler,Hakeem
46510,"Cager, Lawrence",WR,Cager,Lawrence
46586,"Deguara, Josiah",TE,Deguara,Josiah
47958,"Jones, Mac",QB,Jones,Mac
47962,"Lance, Trey",QB,Lance,Trey
47969,"Wilson, Zach",QB,Wilson,Zach
47976,"Lawrence, Trevor",QB,Lawrence,Trevor
47978,"Mills, Davis",QB,Mills,Davis
47984,"Love, Jordan",QB,Love,Jordan
47987,"Mond, Kellen",QB,Mond,Kellen
47994,"Harris, Najee",RB,Harris,Najee
47996,"Stevenson, Rhamondre",RB,Stevenson,Rhamondre
47999,"Mitchell, Elijah",RB,Mitchell,Elijah
48005,"Patterson, Jaret",RB,Patterson,Jaret
48012,"Hubbard, Chuba",RB,Hubbard,Chuba
48028,"Carter, Michael",RB,Carter,Michael
48035,"Gore, Derrick",RB,Gore,Derrick
48043,"Williams, Javonte",RB,Williams,Javonte
48062,"Taylor, Patrick",RB,Taylor,Patrick
48063,"Prentice, Adam",RB,Prentice,Adam
48067,"Herbert, Khalil",RB,Herbert,Khalil
48068,"Gainwell, Kenny",RB,Gainwell,Kenny
48069,"Benjamin, Eno",RB,Benjamin,Eno
48078,"Igwebuike, Godwin",RB,Igwebuike,Godwin
48081,"Evans, Chris",RB,Evans,Chris
48088,"Felton, Demetric",RB,Felton,Demetric
48093,"Nwangwu, Kene",RB,Nwangwu,Kene
48095,"Funk, Jake",RB,Funk,Jake
48098,"Williams, Ty'Son",RB,Williams,Ty'Son
48100,"Jackson, Deon",RB,Jackson,Deon
48103,"Crockett, Damarea",RB,Crockett,Damarea
48105,"Rountree, Larry",RB,Rountree,Larry
48108,"Ricci, Giovanni",RB,Ricci,Giovanni
48111,"Chase, Ja'Marr",WR,Chase,Ja'Marr
48112,"St. Brown, Amon-Ra",WR,St. Brown,Amon-Ra
48120,"Wilkerson, Kristian",WR,Wilkerson,Kristian
48125,"Wesley, Antoine",WR,Wesley,Antoine
48141,"Bateman, Rashod",WR,Bateman,Rashod
48162,"Smith, Devonta",WR,Smith,Devonta
48165,"Waddle, Jaylen",WR,Waddle,Jaylen
48179,"Collins, Nico",WR,Collins,Nico
48181,"Benson, Trinity",WR,Benson,Trinity
48184,"Eskridge, D'Wayne",WR,Eskridge,D'Wayne
48185,"Palmer, Josh",WR,Palmer,Josh
48187,"Jennings, Jauan",WR,Jennings,Jauan
48188,"Williams, Seth",WR,Williams,Seth
48193,"Skowronek, Ben",WR,Skowronek,Ben
48194,"Marshall, Terrace",WR,Marshall,Terrace
48195,"Brown, Dyami",WR,Brown,Dyami
48207,"Winfree, Juwann",WR,Winfree,Juwann
48209,"Sills, David",WR,Sills,David
48222,"Milne, Dax",WR,Milne,Dax
48226,"White, Cody",WR,White,Cody
48227,"Kennedy, Tom",WR,Kennedy,Tom
48231,"Koski, J.J.",WR,Koski,J.J.
48233,"Smith, Shi",WR,Smith,Shi
48238,"Smith-Marsette, Ihmir",WR,Smith-Marsette,Ihmir
48239,"Wallace, Tylan",WR,Wallace,Tylan
48248,"Merritt, Kirk",WR,Merritt,Kirk
48249,"Patmon, Dezmon",WR,Patmon,Dezmon
48255,"Darby, Frank",WR,Darby,Frank
48259,"McMath, Racey",WR,McMath,Racey
48262,"Montgomery, D.J.",WR,Montgomery,D.J.
48264,"Schwartz, Anthony",WR,Schwartz,Anthony
48266,"Fitzpatrick, Dez",WR,Fitzpatrick,Dez
48268,"Stevenson, Marquez",WR,Stevenson,Marquez
48285,"Pitts, Kyle",TE,Pitts,Kyle
48288,"Freiermuth, Pat",TE,Freiermuth,Pat
48294,"Bates, John",TE,Bates,John
48296,"Hesse, Parker",TE,Hesse,Parker
48298,"Yeboah, Kenny",TE,Yeboah,Kenny
48300,"McKitty, Tre'",TE,McKitty,Tre'
48312,"Jordan, Brevin",TE,Jordan,Brevin
48316,"Farrell, Luke",TE,Farrell,Luke
48317,"Gray, Noah",TE,Gray,Noah
48323,"Myarick, Chris",TE,Myarick,Chris
48326,"Granson, Kylen",TE,Granson,Kylen
48331,"Sullivan, Stephen",TE,Sullivan,Stephen
48337,"Jackson, Tyree",TE,Jackson,Tyree
48340,"Blanton, Kendall",TE,Blanton,Kendall
48347,"Stoll, Jack",TE,Stoll,Jack
48351,"McKeon, Sean",TE,McKeon,Sean
48353,"Helm, Daniel",TE,Helm,Daniel
48355,"Rader, Kevin",TE,Rader,Kevin
48423,"Book, Ian",QB,Book,Ian
48425,"Fromm, Jake",QB,Fromm,Jake
48518,"Bradwell, Darius",RB,Bradwell,Darius
48611,"Toney, Kadarius",WR,Toney,Kadarius
48645,"Newsome, Dazz",WR,Newsome,Dazz
48658,"Ffrench, Maurice",WR,Ffrench,Maurice
48670,"Winston Jr., Easop",WR,Winston Jr.,Easop
48699,"Rodgers, Amari",WR,Rodgers,Amari
48733,"Tremble, Tommy",TE,Tremble,Tommy
48737,"Wright, Brock",TE,Wright,Brock
48767,"Zylstra, Shane",TE,Zylstra,Shane
48769,"Long, Hunter",TE,Long,Hunter
48781,"Hopkins, Brycen",TE,Hopkins,Brycen
48835,"Fields, Justin",QB,Fields,Justin
48864,"Franks, Feleipe",QB,Franks,Feleipe
48938,"Jefferson, Jermar",RB,Jefferson,Jermar
48945,"Hardy, JaQuan",RB,Hardy,JaQuan
48958,"Sargent, Mekhi",RB,Sargent,Mekhi
48965,"Brightwell, Gary",RB,Brightwell,Gary
49052,"Moore, Rondale",WR,Moore,Rondale
49118,"Darden, Jaelon",WR,Darden,Jaelon
49304,"Benkert, Kurt",QB,Benkert,Kurt
49356,"Ragas, Trey",RB,Ragas,Trey
49377,"Carter, Tory",RB,Carter,Tory
49490,"Davis, Davion",WR,Davis,Davion
49690,"Ehlinger, Sam",QB,Ehlinger,Sam
49788,"McCrary, Nate",RB,McCrary,Nate
49798,"Moore, Elijah",WR,Moore,Elijah
49906,"Williams Jr., Pooka",WR,Williams Jr.,Pooka
49913,"Adams, Rodney",WR,Adams,Rodney
50166,"Sermon, Trey",RB,Sermon,Trey
50327,"Coulter, Isaiah",WR,Coulter,Isaiah
50398,"Hudson, Tommy",TE,Hudson,Tommy
50895,"White, Mike",QB,White,Mike
50908,"Webb, Davis",QB,Webb,Davis
50990,"Stanton, Johnny",RB,Stanton,Johnny
51521,"Strachan, Mike",WR,Strachan,Mike
51777,"Hill, Kylin",RB,Hill,Kylin
51933,"Atwell, Tutu",WR,Atwell,Tutu
52727,"Fortson, Jody",TE,Fortson,Jody
52949,"Patrick, Jacques",RB,Patrick,Jacques
54159,"Eason, Jacob",QB,Eason,Jacob
